# CentVoxTetrahedralizerHybrid tetrahedral mesh
# Detection mode: HYBRID
# Grid: 20^3
# Merge block size: 1
# Protection layers: 1
# Smoothed: Yes
# Vertices: 1844
# Tetrahedra: 6400

VERTICES
-1.423124 0.155843 -2.390016
-1.180958 0.155843 -2.390016
-1.423124 0.398009 -2.390016
-1.180958 0.398009 -2.390016
-1.423124 0.155843 -2.147850
-1.180958 0.155843 -2.147850
-1.423124 0.398009 -2.147850
-1.180958 0.398009 -2.147850
-0.938791 0.155843 -2.390016
-0.938791 0.398009 -2.390016
-0.938791 0.155843 -2.147850
-0.938791 0.398009 -2.147850
-1.423124 0.640176 -2.390016
-1.180958 0.640176 -2.390016
-1.423124 0.640176 -2.147850
-1.180958 0.640176 -2.147850
-0.938791 0.640176 -2.390016
-0.938791 0.640176 -2.147850
-1.423124 0.882342 -2.390016
-1.180958 0.882342 -2.390016
-1.423124 0.882342 -2.147850
-1.180958 0.882342 -2.147850
-0.938791 0.882342 -2.390016
-0.938791 0.882342 -2.147850
-1.180958 -0.328489 -2.147850
-0.938791 -0.328489 -2.147850
-1.180958 -0.086323 -2.147850
-0.938791 -0.086323 -2.147850
-1.180958 -0.328489 -1.905683
-0.938791 -0.328489 -1.905683
-1.180958 -0.086323 -1.905683
-0.938791 -0.086323 -1.905683
-0.696625 -0.328489 -2.147850
-0.696625 -0.086323 -2.147850
-0.696625 -0.328489 -1.905683
-0.696625 -0.086323 -1.905683
-1.423124 -0.086323 -2.147850
-1.423124 -0.086323 -1.905683
-1.423124 0.155843 -1.905683
-1.180958 0.155843 -1.905683
-0.938791 0.155843 -1.905683
-0.696625 0.155843 -2.147850
-0.696625 0.155843 -1.905683
-1.423124 0.398009 -1.905683
-1.180958 0.398009 -1.905683
-0.938791 0.398009 -1.905683
-0.696625 0.398009 -2.147850
-0.696625 0.398009 -1.905683
-1.423124 0.640176 -1.905683
-1.180958 0.640176 -1.905683
-0.938791 0.640176 -1.905683
-0.696625 0.640176 -2.147850
-0.696625 0.640176 -1.905683
-1.423124 0.882342 -1.905683
-1.180958 0.882342 -1.905683
-0.938791 0.882342 -1.905683
-0.696625 0.882342 -2.147850
-0.696625 0.882342 -1.905683
-1.180958 1.124508 -2.147850
-0.938791 1.124508 -2.147850
-1.180958 1.124508 -1.905683
-0.938791 1.124508 -1.905683
-0.696625 1.124508 -2.147850
-0.696625 1.124508 -1.905683
-1.180958 -0.570656 -1.905683
-0.938791 -0.570656 -1.905683
-1.180958 -0.570656 -1.663517
-0.938791 -0.570656 -1.663517
-1.180958 -0.328489 -1.663517
-0.938791 -0.328489 -1.663517
-0.696625 -0.570656 -1.905683
-0.696625 -0.570656 -1.663517
-0.696625 -0.328489 -1.663517
-0.454459 -0.570656 -1.905683
-0.454459 -0.328489 -1.905683
-0.454459 -0.570656 -1.663517
-0.454459 -0.328489 -1.663517
-1.180958 -0.086323 -1.663517
-0.938791 -0.086323 -1.663517
-0.696625 -0.086323 -1.663517
-0.454459 -0.086323 -1.905683
-0.454459 -0.086323 -1.663517
-1.423124 -0.086323 -1.663517
-1.423124 0.155843 -1.663517
-1.180958 0.155843 -1.663517
-0.938791 0.155843 -1.663517
-0.696625 0.155843 -1.663517
-0.454459 0.155843 -1.905683
-0.454459 0.155843 -1.663517
-1.423124 0.398009 -1.663517
-1.180958 0.398009 -1.663517
-0.938791 0.398009 -1.663517
-0.696625 0.398009 -1.663517
-0.454459 0.398009 -1.905683
-0.454459 0.398009 -1.663517
-1.423124 0.640176 -1.663517
-1.180958 0.640176 -1.663517
-0.938791 0.640176 -1.663517
-0.696625 0.640176 -1.663517
-0.454459 0.640176 -1.905683
-0.454459 0.640176 -1.663517
-1.423124 0.882342 -1.663517
-1.180958 0.882342 -1.663517
-0.938791 0.882342 -1.663517
-0.696625 0.882342 -1.663517
-0.454459 0.882342 -1.905683
-0.454459 0.882342 -1.663517
-1.423124 1.124508 -1.905683
-1.423124 1.124508 -1.663517
-1.180958 1.124508 -1.663517
-0.938791 1.124508 -1.663517
-0.696625 1.124508 -1.663517
-1.180958 1.366675 -1.905683
-0.938791 1.366675 -1.905683
-1.180958 1.366675 -1.663517
-0.938791 1.366675 -1.663517
-0.938791 -0.812822 -1.663517
-0.696625 -0.812822 -1.663517
-0.938791 -0.812822 -1.421351
-0.696625 -0.812822 -1.421351
-0.938791 -0.570656 -1.421351
-0.696625 -0.570656 -1.421351
-0.454459 -0.812822 -1.663517
-0.454459 -0.812822 -1.421351
-0.454459 -0.570656 -1.421351
-0.212292 -0.812822 -1.663517
-0.212292 -0.570656 -1.663517
-0.212292 -0.812822 -1.421351
-0.212292 -0.570656 -1.421351
-1.180958 -0.570656 -1.421351
-1.180958 -0.328489 -1.421351
-0.938791 -0.328489 -1.421351
-0.696625 -0.328489 -1.421351
-0.454459 -0.328489 -1.421351
-0.212292 -0.328489 -1.663517
-0.212292 -0.328489 -1.421351
-1.423124 -0.328489 -1.663517
-1.423124 -0.328489 -1.421351
-1.423124 -0.086323 -1.421351
-1.180958 -0.086323 -1.421351
-0.938791 -0.086323 -1.421351
-0.696625 -0.086323 -1.421351
-0.454459 -0.086323 -1.421351
-0.212292 -0.086323 -1.663517
-0.212292 -0.086323 -1.421351
-1.423124 0.155843 -1.421351
-1.180958 0.155843 -1.421351
-0.938791 0.155843 -1.421351
-0.696625 0.155843 -1.421351
-0.454459 0.155843 -1.421351
-1.423124 0.398009 -1.421351
-1.180958 0.398009 -1.421351
-0.938791 0.398009 -1.421351
-0.696625 0.398009 -1.421351
-0.454459 0.398009 -1.421351
-1.423124 0.640176 -1.421351
-1.180958 0.640176 -1.421351
-0.938791 0.640176 -1.421351
-0.696625 0.640176 -1.421351
-0.454459 0.640176 -1.421351
-1.423124 0.882342 -1.421351
-1.180958 0.882342 -1.421351
-0.938791 0.882342 -1.421351
-0.696625 0.882342 -1.421351
-0.454459 0.882342 -1.421351
-1.423124 1.124508 -1.421351
-1.180958 1.124508 -1.421351
-0.938791 1.124508 -1.421351
-0.696625 1.124508 -1.421351
-1.180958 1.366675 -1.421351
-0.938791 1.366675 -1.421351
-0.696625 1.366675 -1.663517
-0.696625 1.366675 -1.421351
-0.696625 -1.054988 -1.421351
-0.454459 -1.054988 -1.421351
-0.696625 -1.054988 -1.179184
-0.454459 -1.054988 -1.179184
-0.696625 -0.812822 -1.179184
-0.454459 -0.812822 -1.179184
-0.212292 -1.054988 -1.421351
-0.212292 -1.054988 -1.179184
-0.212292 -0.812822 -1.179184
-1.180958 -0.812822 -1.421351
-1.180958 -0.812822 -1.179184
-0.938791 -0.812822 -1.179184
-1.180958 -0.570656 -1.179184
-0.938791 -0.570656 -1.179184
-0.696625 -0.570656 -1.179184
-0.454459 -0.570656 -1.179184
-0.212292 -0.570656 -1.179184
-1.180958 -0.328489 -1.179184
-0.938791 -0.328489 -1.179184
-0.696625 -0.328489 -1.179184
-0.454459 -0.328489 -1.179184
-0.212292 -0.328489 -1.179184
-1.423124 -0.328489 -1.179184
-1.423124 -0.086323 -1.179184
-1.180958 -0.086323 -1.179184
-0.938791 -0.086323 -1.179184
-0.696625 -0.086323 -1.179184
-0.454459 -0.086323 -1.179184
-0.212292 -0.086323 -1.179184
-1.423124 0.155843 -1.179184
-1.180958 0.155843 -1.179184
-0.938791 0.155843 -1.179184
-0.696625 0.155843 -1.179184
-0.454459 0.155843 -1.179184
-0.212292 0.155843 -1.421351
-0.212292 0.155843 -1.179184
-1.423124 0.398009 -1.179184
-1.180958 0.398009 -1.179184
-0.938791 0.398009 -1.179184
-0.696625 0.398009 -1.179184
-0.454459 0.398009 -1.179184
-0.212292 0.398009 -1.421351
-0.212292 0.398009 -1.179184
-1.665290 0.398009 -1.421351
-1.665290 0.640176 -1.421351
-1.665290 0.398009 -1.179184
-1.665290 0.640176 -1.179184
-1.423124 0.640176 -1.179184
-1.180958 0.640176 -1.179184
-0.938791 0.640176 -1.179184
-0.696625 0.640176 -1.179184
-0.454459 0.640176 -1.179184
-0.212292 0.640176 -1.421351
-0.212292 0.640176 -1.179184
-1.423124 0.882342 -1.179184
-1.180958 0.882342 -1.179184
-0.938791 0.882342 -1.179184
-0.696625 0.882342 -1.179184
-0.454459 0.882342 -1.179184
-1.423124 1.124508 -1.179184
-1.180958 1.124508 -1.179184
-0.938791 1.124508 -1.179184
-0.696625 1.124508 -1.179184
-0.454459 1.124508 -1.421351
-0.454459 1.124508 -1.179184
-1.423124 1.366675 -1.421351
-1.423124 1.366675 -1.179184
-1.180958 1.366675 -1.179184
-0.938791 1.366675 -1.179184
-0.696625 1.366675 -1.179184
-0.938791 -1.054988 -1.179184
-0.938791 -1.054988 -0.937018
-0.696625 -1.054988 -0.937018
-0.938791 -0.812822 -0.937018
-0.696625 -0.812822 -0.937018
-0.454459 -1.054988 -0.937018
-0.454459 -0.812822 -0.937018
-0.212292 -1.054988 -0.937018
-0.212292 -0.812822 -0.937018
0.029874 -1.054988 -1.179184
0.029874 -0.812822 -1.179184
0.029874 -1.054988 -0.937018
0.029874 -0.812822 -0.937018
-1.180958 -0.812822 -0.937018
-1.180958 -0.570656 -0.937018
-0.938791 -0.570656 -0.937018
-0.696625 -0.570656 -0.937018
-0.454459 -0.570656 -0.937018
-0.212292 -0.570656 -0.937018
0.029874 -0.570656 -1.179184
0.029874 -0.570656 -0.937018
-1.423124 -0.570656 -1.179184
-1.423124 -0.570656 -0.937018
-1.423124 -0.328489 -0.937018
-1.180958 -0.328489 -0.937018
-0.938791 -0.328489 -0.937018
-0.696625 -0.328489 -0.937018
-0.454459 -0.328489 -0.937018
-0.212292 -0.328489 -0.937018
-1.423124 -0.086323 -0.937018
-1.180958 -0.086323 -0.937018
-0.938791 -0.086323 -0.937018
-0.696625 -0.086323 -0.937018
-0.454459 -0.086323 -0.937018
-0.212292 -0.086323 -0.937018
-1.665290 -0.086323 -1.179184
-1.665290 0.155843 -1.179184
-1.665290 -0.086323 -0.937018
-1.665290 0.155843 -0.937018
-1.423124 0.155843 -0.937018
-1.180958 0.155843 -0.937018
-0.938791 0.155843 -0.937018
-0.696625 0.155843 -0.937018
-0.454459 0.155843 -0.937018
-0.212292 0.155843 -0.937018
0.029874 -0.086323 -1.179184
0.029874 0.155843 -1.179184
0.029874 -0.086323 -0.937018
0.029874 0.155843 -0.937018
-1.665290 0.398009 -0.937018
-1.423124 0.398009 -0.937018
-1.180958 0.398009 -0.937018
-0.938791 0.398009 -0.937018
-0.696625 0.398009 -0.937018
-0.454459 0.398009 -0.937018
-0.212292 0.398009 -0.937018
0.029874 0.398009 -1.179184
0.029874 0.398009 -0.937018
-1.665290 0.640176 -0.937018
-1.423124 0.640176 -0.937018
-1.180958 0.640176 -0.937018
-0.938791 0.640176 -0.937018
-0.696625 0.640176 -0.937018
-0.454459 0.640176 -0.937018
-0.212292 0.640176 -0.937018
0.029874 0.640176 -1.179184
0.029874 0.640176 -0.937018
-1.665290 0.882342 -1.179184
-1.665290 0.882342 -0.937018
-1.423124 0.882342 -0.937018
-1.180958 0.882342 -0.937018
-0.938791 0.882342 -0.937018
-0.696625 0.882342 -0.937018
-0.454459 0.882342 -0.937018
-0.212292 0.882342 -1.179184
-0.212292 0.882342 -0.937018
-1.665290 1.124508 -1.179184
-1.665290 1.124508 -0.937018
-1.423124 1.124508 -0.937018
-1.180958 1.124508 -0.937018
-0.938791 1.124508 -0.937018
-0.696625 1.124508 -0.937018
-0.454459 1.124508 -0.937018
-1.423124 1.366675 -0.937018
-1.180958 1.366675 -0.937018
-0.938791 1.366675 -0.937018
-0.696625 1.366675 -0.937018
-0.454459 1.366675 -1.179184
-0.454459 1.366675 -0.937018
-1.180958 1.608841 -1.179184
-0.938791 1.608841 -1.179184
-1.180958 1.608841 -0.937018
-0.938791 1.608841 -0.937018
-0.696625 1.608841 -1.179184
-0.696625 1.608841 -0.937018
-0.212292 -1.297155 -0.937018
0.029874 -1.297155 -0.937018
-0.212292 -1.297155 -0.694852
0.029874 -1.297155 -0.694852
-0.212292 -1.054988 -0.694852
0.029874 -1.054988 -0.694852
0.272040 -1.297155 -0.937018
0.272040 -1.054988 -0.937018
0.272040 -1.297155 -0.694852
0.272040 -1.054988 -0.694852
-0.938791 -1.054988 -0.694852
-0.696625 -1.054988 -0.694852
-0.938791 -0.812822 -0.694852
-0.696625 -0.812822 -0.694852
-0.454459 -1.054988 -0.694852
-0.454459 -0.812822 -0.694852
-0.212292 -0.812822 -0.694852
0.029874 -0.812822 -0.694852
0.272040 -0.812822 -0.937018
0.272040 -0.812822 -0.694852
-1.180958 -0.812822 -0.694852
-1.180958 -0.570656 -0.694852
-0.938791 -0.570656 -0.694852
-0.696625 -0.570656 -0.694852
-0.454459 -0.570656 -0.694852
-0.212292 -0.570656 -0.694852
0.029874 -0.570656 -0.694852
-1.423124 -0.570656 -0.694852
-1.423124 -0.328489 -0.694852
-1.180958 -0.328489 -0.694852
-0.938791 -0.328489 -0.694852
-0.696625 -0.328489 -0.694852
-0.454459 -0.328489 -0.694852
-0.212292 -0.328489 -0.694852
0.029874 -0.328489 -0.937018
0.029874 -0.328489 -0.694852
-1.665290 -0.328489 -0.937018
-1.665290 -0.328489 -0.694852
-1.665290 -0.086323 -0.694852
-1.423124 -0.086323 -0.694852
-1.180958 -0.086323 -0.694852
-0.938791 -0.086323 -0.694852
-0.696625 -0.086323 -0.694852
-0.454459 -0.086323 -0.694852
-0.212292 -0.086323 -0.694852
0.029874 -0.086323 -0.694852
-1.665290 0.155843 -0.694852
-1.423124 0.155843 -0.694852
-1.180958 0.155843 -0.694852
-0.938791 0.155843 -0.694852
-0.696625 0.155843 -0.694852
-0.454459 0.155843 -0.694852
-0.212292 0.155843 -0.694852
0.029874 0.155843 -0.694852
0.272040 -0.086323 -0.937018
0.272040 0.155843 -0.937018
0.272040 -0.086323 -0.694852
0.272040 0.155843 -0.694852
-1.665290 0.398009 -0.694852
-1.423124 0.398009 -0.694852
-1.180958 0.398009 -0.694852
-0.938791 0.398009 -0.694852
-0.696625 0.398009 -0.694852
-0.454459 0.398009 -0.694852
-0.212292 0.398009 -0.694852
0.029874 0.398009 -0.694852
0.272040 0.398009 -0.937018
0.272040 0.398009 -0.694852
-1.665290 0.640176 -0.694852
-1.423124 0.640176 -0.694852
-1.180958 0.640176 -0.694852
-0.938791 0.640176 -0.694852
-0.696625 0.640176 -0.694852
-0.454459 0.640176 -0.694852
-0.212292 0.640176 -0.694852
0.029874 0.640176 -0.694852
0.272040 0.640176 -0.937018
0.272040 0.640176 -0.694852
-1.665290 0.882342 -0.694852
-1.423124 0.882342 -0.694852
-1.180958 0.882342 -0.694852
-0.938791 0.882342 -0.694852
-0.696625 0.882342 -0.694852
-0.454459 0.882342 -0.694852
-0.212292 0.882342 -0.694852
0.029874 0.882342 -0.937018
0.029874 0.882342 -0.694852
-1.665290 1.124508 -0.694852
-1.423124 1.124508 -0.694852
-1.180958 1.124508 -0.694852
-0.938791 1.124508 -0.694852
-0.696625 1.124508 -0.694852
-0.454459 1.124508 -0.694852
-0.212292 1.124508 -0.937018
-0.212292 1.124508 -0.694852
-1.665290 1.366675 -0.937018
-1.665290 1.366675 -0.694852
-1.423124 1.366675 -0.694852
-1.180958 1.366675 -0.694852
-0.938791 1.366675 -0.694852
-0.696625 1.366675 -0.694852
-0.454459 1.366675 -0.694852
-1.423124 1.608841 -0.937018
-1.423124 1.608841 -0.694852
-1.180958 1.608841 -0.694852
-0.938791 1.608841 -0.694852
-0.696625 1.608841 -0.694852
-0.454459 1.608841 -0.937018
-0.454459 1.608841 -0.694852
-1.180958 1.851007 -0.937018
-0.938791 1.851007 -0.937018
-1.180958 1.851007 -0.694852
-0.938791 1.851007 -0.694852
-0.696625 1.851007 -0.937018
-0.696625 1.851007 -0.694852
-0.938791 -1.297155 -0.694852
-0.696625 -1.297155 -0.694852
-0.938791 -1.297155 -0.452685
-0.696625 -1.297155 -0.452685
-0.938791 -1.054988 -0.452685
-0.696625 -1.054988 -0.452685
-0.454459 -1.297155 -0.694852
-0.454459 -1.297155 -0.452685
-0.454459 -1.054988 -0.452685
-0.212292 -1.297155 -0.452685
-0.212292 -1.054988 -0.452685
0.029874 -1.297155 -0.452685
0.029874 -1.054988 -0.452685
0.272040 -1.297155 -0.452685
0.272040 -1.054988 -0.452685
0.514207 -1.297155 -0.694852
0.514207 -1.054988 -0.694852
0.514207 -1.297155 -0.452685
0.514207 -1.054988 -0.452685
-1.180958 -1.054988 -0.694852
-1.180958 -1.054988 -0.452685
-1.180958 -0.812822 -0.452685
-0.938791 -0.812822 -0.452685
-0.696625 -0.812822 -0.452685
-0.454459 -0.812822 -0.452685
-0.212292 -0.812822 -0.452685
0.029874 -0.812822 -0.452685
0.272040 -0.812822 -0.452685
0.514207 -0.812822 -0.694852
0.514207 -0.812822 -0.452685
-1.423124 -0.812822 -0.694852
-1.423124 -0.812822 -0.452685
-1.423124 -0.570656 -0.452685
-1.180958 -0.570656 -0.452685
-0.938791 -0.570656 -0.452685
-0.696625 -0.570656 -0.452685
-0.454459 -0.570656 -0.452685
-0.212292 -0.570656 -0.452685
0.029874 -0.570656 -0.452685
0.272040 -0.570656 -0.694852
0.272040 -0.570656 -0.452685
-1.665290 -0.570656 -0.694852
-1.665290 -0.570656 -0.452685
-1.665290 -0.328489 -0.452685
-1.423124 -0.328489 -0.452685
-1.180958 -0.328489 -0.452685
-0.938791 -0.328489 -0.452685
-0.696625 -0.328489 -0.452685
-0.454459 -0.328489 -0.452685
-0.212292 -0.328489 -0.452685
0.029874 -0.328489 -0.452685
0.272040 -0.328489 -0.694852
0.272040 -0.328489 -0.452685
-1.665290 -0.086323 -0.452685
-1.423124 -0.086323 -0.452685
-1.180958 -0.086323 -0.452685
-0.938791 -0.086323 -0.452685
-0.696625 -0.086323 -0.452685
-0.454459 -0.086323 -0.452685
-0.212292 -0.086323 -0.452685
0.029874 -0.086323 -0.452685
0.272040 -0.086323 -0.452685
-1.665290 0.155843 -0.452685
-1.423124 0.155843 -0.452685
-1.180958 0.155843 -0.452685
-0.938791 0.155843 -0.452685
-0.696625 0.155843 -0.452685
-0.454459 0.155843 -0.452685
-0.212292 0.155843 -0.452685
0.029874 0.155843 -0.452685
0.272040 0.155843 -0.452685
0.514207 -0.086323 -0.694852
0.514207 0.155843 -0.694852
0.514207 -0.086323 -0.452685
0.514207 0.155843 -0.452685
-1.665290 0.398009 -0.452685
-1.423124 0.398009 -0.452685
-1.180958 0.398009 -0.452685
-0.938791 0.398009 -0.452685
-0.696625 0.398009 -0.452685
-0.454459 0.398009 -0.452685
-0.212292 0.398009 -0.452685
0.029874 0.398009 -0.452685
0.272040 0.398009 -0.452685
0.514207 0.398009 -0.694852
0.514207 0.398009 -0.452685
0.756373 0.155843 -0.694852
0.756373 0.398009 -0.694852
0.756373 0.155843 -0.452685
0.756373 0.398009 -0.452685
-1.665290 0.640176 -0.452685
-1.423124 0.640176 -0.452685
-1.180958 0.640176 -0.452685
-0.938791 0.640176 -0.452685
-0.696625 0.640176 -0.452685
-0.454459 0.640176 -0.452685
-0.212292 0.640176 -0.452685
0.029874 0.640176 -0.452685
0.272040 0.640176 -0.452685
0.514207 0.640176 -0.694852
0.514207 0.640176 -0.452685
0.756373 0.640176 -0.694852
0.756373 0.640176 -0.452685
-1.665290 0.882342 -0.452685
-1.423124 0.882342 -0.452685
-1.180958 0.882342 -0.452685
-0.938791 0.882342 -0.452685
-0.696625 0.882342 -0.452685
-0.454459 0.882342 -0.452685
-0.212292 0.882342 -0.452685
0.029874 0.882342 -0.452685
0.272040 0.882342 -0.694852
0.272040 0.882342 -0.452685
-1.665290 1.124508 -0.452685
-1.423124 1.124508 -0.452685
-1.180958 1.124508 -0.452685
-0.938791 1.124508 -0.452685
-0.696625 1.124508 -0.452685
-0.454459 1.124508 -0.452685
-0.212292 1.124508 -0.452685
0.029874 1.124508 -0.694852
0.029874 1.124508 -0.452685
-1.665290 1.366675 -0.452685
-1.423124 1.366675 -0.452685
-1.180958 1.366675 -0.452685
-0.938791 1.366675 -0.452685
-0.696625 1.366675 -0.452685
-0.454459 1.366675 -0.452685
-0.212292 1.366675 -0.694852
-0.212292 1.366675 -0.452685
-1.423124 1.608841 -0.452685
-1.180958 1.608841 -0.452685
-0.938791 1.608841 -0.452685
-0.696625 1.608841 -0.452685
-0.454459 1.608841 -0.452685
-0.212292 1.608841 -0.694852
-0.212292 1.608841 -0.452685
-1.180958 1.851007 -0.452685
-0.938791 1.851007 -0.452685
-0.696625 1.851007 -0.452685
-0.454459 1.851007 -0.694852
-0.454459 1.851007 -0.452685
-0.212292 1.851007 -0.694852
-0.212292 1.851007 -0.452685
-0.454459 -1.539321 -0.452685
-0.212292 -1.539321 -0.452685
-0.454459 -1.539321 -0.210519
-0.212292 -1.539321 -0.210519
-0.454459 -1.297155 -0.210519
-0.212292 -1.297155 -0.210519
0.029874 -1.539321 -0.452685
0.029874 -1.539321 -0.210519
0.029874 -1.297155 -0.210519
0.272040 -1.539321 -0.452685
0.272040 -1.539321 -0.210519
0.272040 -1.297155 -0.210519
-0.938791 -1.297155 -0.210519
-0.696625 -1.297155 -0.210519
-0.938791 -1.054988 -0.210519
-0.696625 -1.054988 -0.210519
-0.454459 -1.054988 -0.210519
-0.212292 -1.054988 -0.210519
0.029874 -1.054988 -0.210519
0.272040 -1.054988 -0.210519
0.514207 -1.297155 -0.210519
0.514207 -1.054988 -0.210519
0.756373 -1.297155 -0.452685
0.756373 -1.054988 -0.452685
0.756373 -1.297155 -0.210519
0.756373 -1.054988 -0.210519
-1.180958 -1.054988 -0.210519
-1.180958 -0.812822 -0.210519
-0.938791 -0.812822 -0.210519
-0.696625 -0.812822 -0.210519
-0.454459 -0.812822 -0.210519
-0.212292 -0.812822 -0.210519
0.029874 -0.812822 -0.210519
0.272040 -0.812822 -0.210519
0.514207 -0.812822 -0.210519
0.756373 -0.812822 -0.452685
0.756373 -0.812822 -0.210519
-1.423124 -0.812822 -0.210519
-1.423124 -0.570656 -0.210519
-1.180958 -0.570656 -0.210519
-0.938791 -0.570656 -0.210519
-0.696625 -0.570656 -0.210519
-0.454459 -0.570656 -0.210519
-0.212292 -0.570656 -0.210519
0.029874 -0.570656 -0.210519
0.272040 -0.570656 -0.210519
0.514207 -0.570656 -0.452685
0.514207 -0.570656 -0.210519
0.756373 -0.570656 -0.452685
0.756373 -0.570656 -0.210519
-1.665290 -0.570656 -0.210519
-1.665290 -0.328489 -0.210519
-1.423124 -0.328489 -0.210519
-1.180958 -0.328489 -0.210519
-0.938791 -0.328489 -0.210519
-0.696625 -0.328489 -0.210519
-0.454459 -0.328489 -0.210519
-0.212292 -0.328489 -0.210519
0.029874 -0.328489 -0.210519
0.272040 -0.328489 -0.210519
0.514207 -0.328489 -0.452685
0.514207 -0.328489 -0.210519
0.756373 -0.328489 -0.452685
0.756373 -0.328489 -0.210519
-1.665290 -0.086323 -0.210519
-1.423124 -0.086323 -0.210519
-1.180958 -0.086323 -0.210519
-0.938791 -0.086323 -0.210519
-0.696625 -0.086323 -0.210519
-0.454459 -0.086323 -0.210519
-0.212292 -0.086323 -0.210519
0.029874 -0.086323 -0.210519
0.272040 -0.086323 -0.210519
0.514207 -0.086323 -0.210519
-1.665290 0.155843 -0.210519
-1.423124 0.155843 -0.210519
-1.180958 0.155843 -0.210519
-0.938791 0.155843 -0.210519
-0.696625 0.155843 -0.210519
-0.454459 0.155843 -0.210519
-0.212292 0.155843 -0.210519
0.029874 0.155843 -0.210519
0.272040 0.155843 -0.210519
0.514207 0.155843 -0.210519
0.756373 -0.086323 -0.452685
0.756373 -0.086323 -0.210519
0.756373 0.155843 -0.210519
-1.665290 0.398009 -0.210519
-1.423124 0.398009 -0.210519
-1.180958 0.398009 -0.210519
-0.938791 0.398009 -0.210519
-0.696625 0.398009 -0.210519
-0.454459 0.398009 -0.210519
-0.212292 0.398009 -0.210519
0.029874 0.398009 -0.210519
0.272040 0.398009 -0.210519
0.514207 0.398009 -0.210519
0.756373 0.398009 -0.210519
0.998539 0.155843 -0.452685
0.998539 0.398009 -0.452685
0.998539 0.155843 -0.210519
0.998539 0.398009 -0.210519
-1.907457 0.398009 -0.452685
-1.907457 0.640176 -0.452685
-1.907457 0.398009 -0.210519
-1.907457 0.640176 -0.210519
-1.665290 0.640176 -0.210519
-1.423124 0.640176 -0.210519
-1.180958 0.640176 -0.210519
-0.938791 0.640176 -0.210519
-0.696625 0.640176 -0.210519
-0.454459 0.640176 -0.210519
-0.212292 0.640176 -0.210519
0.029874 0.640176 -0.210519
0.272040 0.640176 -0.210519
0.514207 0.640176 -0.210519
0.756373 0.640176 -0.210519
0.998539 0.640176 -0.452685
0.998539 0.640176 -0.210519
-1.665290 0.882342 -0.210519
-1.423124 0.882342 -0.210519
-1.180958 0.882342 -0.210519
-0.938791 0.882342 -0.210519
-0.696625 0.882342 -0.210519
-0.454459 0.882342 -0.210519
-0.212292 0.882342 -0.210519
0.029874 0.882342 -0.210519
0.272040 0.882342 -0.210519
0.514207 0.882342 -0.452685
0.514207 0.882342 -0.210519
0.756373 0.882342 -0.452685
0.756373 0.882342 -0.210519
-1.665290 1.124508 -0.210519
-1.423124 1.124508 -0.210519
-1.180958 1.124508 -0.210519
-0.938791 1.124508 -0.210519
-0.696625 1.124508 -0.210519
-0.454459 1.124508 -0.210519
-0.212292 1.124508 -0.210519
0.029874 1.124508 -0.210519
0.272040 1.124508 -0.452685
0.272040 1.124508 -0.210519
-1.665290 1.366675 -0.210519
-1.423124 1.366675 -0.210519
-1.180958 1.366675 -0.210519
-0.938791 1.366675 -0.210519
-0.696625 1.366675 -0.210519
-0.454459 1.366675 -0.210519
-0.212292 1.366675 -0.210519
0.029874 1.366675 -0.452685
0.029874 1.366675 -0.210519
0.272040 1.366675 -0.452685
0.272040 1.366675 -0.210519
-1.423124 1.608841 -0.210519
-1.180958 1.608841 -0.210519
-0.938791 1.608841 -0.210519
-0.696625 1.608841 -0.210519
-0.454459 1.608841 -0.210519
-0.212292 1.608841 -0.210519
0.029874 1.608841 -0.452685
0.029874 1.608841 -0.210519
0.272040 1.608841 -0.452685
0.272040 1.608841 -0.210519
-1.180958 1.851007 -0.210519
-0.938791 1.851007 -0.210519
-0.696625 1.851007 -0.210519
-0.454459 1.851007 -0.210519
-0.212292 1.851007 -0.210519
0.029874 1.851007 -0.452685
0.029874 1.851007 -0.210519
-0.696625 -1.539321 -0.210519
-0.696625 -1.539321 0.031647
-0.454459 -1.539321 0.031647
-0.696625 -1.297155 0.031647
-0.454459 -1.297155 0.031647
-0.212292 -1.539321 0.031647
-0.212292 -1.297155 0.031647
0.029874 -1.539321 0.031647
0.029874 -1.297155 0.031647
0.272040 -1.539321 0.031647
0.272040 -1.297155 0.031647
0.514207 -1.539321 -0.210519
0.514207 -1.539321 0.031647
0.514207 -1.297155 0.031647
0.756373 -1.539321 -0.210519
0.756373 -1.539321 0.031647
0.756373 -1.297155 0.031647
-0.938791 -1.297155 0.031647
-0.938791 -1.054988 0.031647
-0.696625 -1.054988 0.031647
-0.454459 -1.054988 0.031647
-0.212292 -1.054988 0.031647
0.029874 -1.054988 0.031647
0.272040 -1.054988 0.031647
0.514207 -1.054988 0.031647
0.756373 -1.054988 0.031647
0.998539 -1.297155 -0.210519
0.998539 -1.054988 -0.210519
0.998539 -1.297155 0.031647
0.998539 -1.054988 0.031647
1.240706 -1.297155 -0.210519
1.240706 -1.054988 -0.210519
1.240706 -1.297155 0.031647
1.240706 -1.054988 0.031647
1.482872 -1.297155 -0.210519
1.482872 -1.054988 -0.210519
1.482872 -1.297155 0.031647
1.482872 -1.054988 0.031647
-1.180958 -1.054988 0.031647
-1.180958 -0.812822 0.031647
-0.938791 -0.812822 0.031647
-0.696625 -0.812822 0.031647
-0.454459 -0.812822 0.031647
-0.212292 -0.812822 0.031647
0.029874 -0.812822 0.031647
0.272040 -0.812822 0.031647
0.514207 -0.812822 0.031647
0.756373 -0.812822 0.031647
0.998539 -0.812822 -0.210519
0.998539 -0.812822 0.031647
1.240706 -0.812822 -0.210519
1.240706 -0.812822 0.031647
1.482872 -0.812822 -0.210519
1.482872 -0.812822 0.031647
-1.423124 -0.812822 0.031647
-1.423124 -0.570656 0.031647
-1.180958 -0.570656 0.031647
-0.938791 -0.570656 0.031647
-0.696625 -0.570656 0.031647
-0.454459 -0.570656 0.031647
-0.212292 -0.570656 0.031647
0.029874 -0.570656 0.031647
0.272040 -0.570656 0.031647
0.514207 -0.570656 0.031647
0.756373 -0.570656 0.031647
-1.665290 -0.570656 0.031647
-1.665290 -0.328489 0.031647
-1.423124 -0.328489 0.031647
-1.180958 -0.328489 0.031647
-0.938791 -0.328489 0.031647
-0.696625 -0.328489 0.031647
-0.454459 -0.328489 0.031647
-0.212292 -0.328489 0.031647
0.029874 -0.328489 0.031647
0.272040 -0.328489 0.031647
0.514207 -0.328489 0.031647
0.756373 -0.328489 0.031647
-1.665290 -0.086323 0.031647
-1.423124 -0.086323 0.031647
-1.180958 -0.086323 0.031647
-0.938791 -0.086323 0.031647
-0.696625 -0.086323 0.031647
-0.454459 -0.086323 0.031647
-0.212292 -0.086323 0.031647
0.029874 -0.086323 0.031647
0.272040 -0.086323 0.031647
0.514207 -0.086323 0.031647
0.756373 -0.086323 0.031647
-1.665290 0.155843 0.031647
-1.423124 0.155843 0.031647
-1.180958 0.155843 0.031647
-0.938791 0.155843 0.031647
-0.696625 0.155843 0.031647
-0.454459 0.155843 0.031647
-0.212292 0.155843 0.031647
0.029874 0.155843 0.031647
0.272040 0.155843 0.031647
0.514207 0.155843 0.031647
0.756373 0.155843 0.031647
0.998539 -0.086323 -0.210519
0.998539 -0.086323 0.031647
0.998539 0.155843 0.031647
1.240706 -0.086323 -0.210519
1.240706 0.155843 -0.210519
1.240706 -0.086323 0.031647
1.240706 0.155843 0.031647
-1.665290 0.398009 0.031647
-1.423124 0.398009 0.031647
-1.180958 0.398009 0.031647
-0.938791 0.398009 0.031647
-0.696625 0.398009 0.031647
-0.454459 0.398009 0.031647
-0.212292 0.398009 0.031647
0.029874 0.398009 0.031647
0.272040 0.398009 0.031647
0.514207 0.398009 0.031647
0.756373 0.398009 0.031647
0.998539 0.398009 0.031647
1.240706 0.398009 -0.210519
1.240706 0.398009 0.031647
-1.907457 0.398009 0.031647
-1.907457 0.640176 0.031647
-1.665290 0.640176 0.031647
-1.423124 0.640176 0.031647
-1.180958 0.640176 0.031647
-0.938791 0.640176 0.031647
-0.696625 0.640176 0.031647
-0.454459 0.640176 0.031647
-0.212292 0.640176 0.031647
0.029874 0.640176 0.031647
0.272040 0.640176 0.031647
0.514207 0.640176 0.031647
0.756373 0.640176 0.031647
0.998539 0.640176 0.031647
1.240706 0.640176 -0.210519
1.240706 0.640176 0.031647
-1.907457 0.882342 -0.210519
-1.907457 0.882342 0.031647
-1.665290 0.882342 0.031647
-1.423124 0.882342 0.031647
-1.180958 0.882342 0.031647
-0.938791 0.882342 0.031647
-0.696625 0.882342 0.031647
-0.454459 0.882342 0.031647
-0.212292 0.882342 0.031647
0.029874 0.882342 0.031647
0.272040 0.882342 0.031647
0.514207 0.882342 0.031647
0.756373 0.882342 0.031647
0.998539 0.882342 -0.210519
0.998539 0.882342 0.031647
-1.665290 1.124508 0.031647
-1.423124 1.124508 0.031647
-1.180958 1.124508 0.031647
-0.938791 1.124508 0.031647
-0.696625 1.124508 0.031647
-0.454459 1.124508 0.031647
-0.212292 1.124508 0.031647
0.029874 1.124508 0.031647
0.272040 1.124508 0.031647
0.514207 1.124508 -0.210519
0.514207 1.124508 0.031647
-1.665290 1.366675 0.031647
-1.423124 1.366675 0.031647
-1.180958 1.366675 0.031647
-0.938791 1.366675 0.031647
-0.696625 1.366675 0.031647
-0.454459 1.366675 0.031647
-0.212292 1.366675 0.031647
0.029874 1.366675 0.031647
0.272040 1.366675 0.031647
0.514207 1.366675 -0.210519
0.514207 1.366675 0.031647
-1.423124 1.608841 0.031647
-1.180958 1.608841 0.031647
-0.938791 1.608841 0.031647
-0.696625 1.608841 0.031647
-0.454459 1.608841 0.031647
-0.212292 1.608841 0.031647
0.029874 1.608841 0.031647
0.272040 1.608841 0.031647
-1.180958 1.851007 0.031647
-0.938791 1.851007 0.031647
-0.696625 1.851007 0.031647
-0.454459 1.851007 0.031647
-0.212292 1.851007 0.031647
0.029874 1.851007 0.031647
-0.696625 -1.539321 0.273814
-0.454459 -1.539321 0.273814
-0.696625 -1.297155 0.273814
-0.454459 -1.297155 0.273814
-0.212292 -1.539321 0.273814
-0.212292 -1.297155 0.273814
0.029874 -1.539321 0.273814
0.029874 -1.297155 0.273814
0.272040 -1.539321 0.273814
0.272040 -1.297155 0.273814
0.514207 -1.539321 0.273814
0.514207 -1.297155 0.273814
0.756373 -1.539321 0.273814
0.756373 -1.297155 0.273814
-0.938791 -1.297155 0.273814
-0.938791 -1.054988 0.273814
-0.696625 -1.054988 0.273814
-0.454459 -1.054988 0.273814
-0.212292 -1.054988 0.273814
0.029874 -1.054988 0.273814
0.272040 -1.054988 0.273814
0.514207 -1.054988 0.273814
0.756373 -1.054988 0.273814
0.998539 -1.297155 0.273814
0.998539 -1.054988 0.273814
1.240706 -1.297155 0.273814
1.240706 -1.054988 0.273814
1.482872 -1.297155 0.273814
1.482872 -1.054988 0.273814
1.725038 -1.297155 0.031647
1.725038 -1.054988 0.031647
1.725038 -1.297155 0.273814
1.725038 -1.054988 0.273814
1.967205 -1.297155 0.031647
1.967205 -1.054988 0.031647
1.967205 -1.297155 0.273814
1.967205 -1.054988 0.273814
2.209371 -1.297155 0.031647
2.209371 -1.054988 0.031647
2.209371 -1.297155 0.273814
2.209371 -1.054988 0.273814
-1.180958 -1.054988 0.273814
-1.180958 -0.812822 0.273814
-0.938791 -0.812822 0.273814
-0.696625 -0.812822 0.273814
-0.454459 -0.812822 0.273814
-0.212292 -0.812822 0.273814
0.029874 -0.812822 0.273814
0.272040 -0.812822 0.273814
0.514207 -0.812822 0.273814
0.756373 -0.812822 0.273814
0.998539 -0.812822 0.273814
1.240706 -0.812822 0.273814
1.482872 -0.812822 0.273814
1.725038 -0.812822 0.031647
1.725038 -0.812822 0.273814
1.967205 -0.812822 0.031647
1.967205 -0.812822 0.273814
-1.423124 -0.812822 0.273814
-1.423124 -0.570656 0.273814
-1.180958 -0.570656 0.273814
-0.938791 -0.570656 0.273814
-0.696625 -0.570656 0.273814
-0.454459 -0.570656 0.273814
-0.212292 -0.570656 0.273814
0.029874 -0.570656 0.273814
0.272040 -0.570656 0.273814
0.514207 -0.570656 0.273814
0.756373 -0.570656 0.273814
0.998539 -0.570656 0.031647
0.998539 -0.570656 0.273814
1.240706 -0.570656 0.031647
1.240706 -0.570656 0.273814
1.482872 -0.570656 0.031647
1.482872 -0.570656 0.273814
-1.665290 -0.570656 0.273814
-1.665290 -0.328489 0.273814
-1.423124 -0.328489 0.273814
-1.180958 -0.328489 0.273814
-0.938791 -0.328489 0.273814
-0.696625 -0.328489 0.273814
-0.454459 -0.328489 0.273814
-0.212292 -0.328489 0.273814
0.029874 -0.328489 0.273814
0.272040 -0.328489 0.273814
0.514207 -0.328489 0.273814
0.756373 -0.328489 0.273814
0.998539 -0.328489 0.031647
0.998539 -0.328489 0.273814
1.240706 -0.328489 0.031647
1.240706 -0.328489 0.273814
1.482872 -0.328489 0.031647
1.482872 -0.328489 0.273814
-1.665290 -0.086323 0.273814
-1.423124 -0.086323 0.273814
-1.180958 -0.086323 0.273814
-0.938791 -0.086323 0.273814
-0.696625 -0.086323 0.273814
-0.454459 -0.086323 0.273814
-0.212292 -0.086323 0.273814
0.029874 -0.086323 0.273814
0.272040 -0.086323 0.273814
0.514207 -0.086323 0.273814
0.756373 -0.086323 0.273814
0.998539 -0.086323 0.273814
1.240706 -0.086323 0.273814
1.482872 -0.086323 0.031647
1.482872 -0.086323 0.273814
1.725038 -0.328489 0.031647
1.725038 -0.086323 0.031647
1.725038 -0.328489 0.273814
1.725038 -0.086323 0.273814
-1.665290 0.155843 0.273814
-1.423124 0.155843 0.273814
-1.180958 0.155843 0.273814
-0.938791 0.155843 0.273814
-0.696625 0.155843 0.273814
-0.454459 0.155843 0.273814
-0.212292 0.155843 0.273814
0.029874 0.155843 0.273814
0.272040 0.155843 0.273814
0.514207 0.155843 0.273814
0.756373 0.155843 0.273814
0.998539 0.155843 0.273814
1.240706 0.155843 0.273814
1.482872 0.155843 0.031647
1.482872 0.155843 0.273814
-1.665290 0.398009 0.273814
-1.423124 0.398009 0.273814
-1.180958 0.398009 0.273814
-0.938791 0.398009 0.273814
-0.696625 0.398009 0.273814
-0.454459 0.398009 0.273814
-0.212292 0.398009 0.273814
0.029874 0.398009 0.273814
0.272040 0.398009 0.273814
0.514207 0.398009 0.273814
0.756373 0.398009 0.273814
0.998539 0.398009 0.273814
1.240706 0.398009 0.273814
1.482872 0.398009 0.031647
1.482872 0.398009 0.273814
-1.665290 0.640176 0.273814
-1.423124 0.640176 0.273814
-1.180958 0.640176 0.273814
-0.938791 0.640176 0.273814
-0.696625 0.640176 0.273814
-0.454459 0.640176 0.273814
-0.212292 0.640176 0.273814
0.029874 0.640176 0.273814
0.272040 0.640176 0.273814
0.514207 0.640176 0.273814
0.756373 0.640176 0.273814
0.998539 0.640176 0.273814
1.240706 0.640176 0.273814
-1.665290 0.882342 0.273814
-1.423124 0.882342 0.273814
-1.180958 0.882342 0.273814
-0.938791 0.882342 0.273814
-0.696625 0.882342 0.273814
-0.454459 0.882342 0.273814
-0.212292 0.882342 0.273814
0.029874 0.882342 0.273814
0.272040 0.882342 0.273814
0.514207 0.882342 0.273814
0.756373 0.882342 0.273814
0.998539 0.882342 0.273814
-1.665290 1.124508 0.273814
-1.423124 1.124508 0.273814
-1.180958 1.124508 0.273814
-0.938791 1.124508 0.273814
-0.696625 1.124508 0.273814
-0.454459 1.124508 0.273814
-0.212292 1.124508 0.273814
0.029874 1.124508 0.273814
0.272040 1.124508 0.273814
0.514207 1.124508 0.273814
0.756373 1.124508 0.031647
0.756373 1.124508 0.273814
-1.665290 1.366675 0.273814
-1.423124 1.366675 0.273814
-1.180958 1.366675 0.273814
-0.938791 1.366675 0.273814
-0.696625 1.366675 0.273814
-0.454459 1.366675 0.273814
-0.212292 1.366675 0.273814
0.029874 1.366675 0.273814
0.272040 1.366675 0.273814
0.514207 1.366675 0.273814
-1.423124 1.608841 0.273814
-1.180958 1.608841 0.273814
-0.938791 1.608841 0.273814
-0.696625 1.608841 0.273814
-0.454459 1.608841 0.273814
-0.212292 1.608841 0.273814
0.029874 1.608841 0.273814
0.272040 1.608841 0.273814
-0.938791 1.851007 0.273814
-0.696625 1.851007 0.273814
-0.454459 1.851007 0.273814
-0.212292 1.851007 0.273814
0.029874 1.851007 0.273814
-0.696625 -1.539321 0.515980
-0.454459 -1.539321 0.515980
-0.696625 -1.297155 0.515980
-0.454459 -1.297155 0.515980
-0.212292 -1.539321 0.515980
-0.212292 -1.297155 0.515980
0.029874 -1.539321 0.515980
0.029874 -1.297155 0.515980
0.272040 -1.539321 0.515980
0.272040 -1.297155 0.515980
0.514207 -1.539321 0.515980
0.514207 -1.297155 0.515980
0.756373 -1.539321 0.515980
0.756373 -1.297155 0.515980
0.998539 -1.539321 0.273814
0.998539 -1.539321 0.515980
0.998539 -1.297155 0.515980
-0.938791 -1.297155 0.515980
-0.938791 -1.054988 0.515980
-0.696625 -1.054988 0.515980
-0.454459 -1.054988 0.515980
-0.212292 -1.054988 0.515980
0.029874 -1.054988 0.515980
0.272040 -1.054988 0.515980
0.514207 -1.054988 0.515980
0.756373 -1.054988 0.515980
0.998539 -1.054988 0.515980
1.240706 -1.297155 0.515980
1.240706 -1.054988 0.515980
1.482872 -1.297155 0.515980
1.482872 -1.054988 0.515980
1.725038 -1.297155 0.515980
1.725038 -1.054988 0.515980
1.967205 -1.297155 0.515980
1.967205 -1.054988 0.515980
2.209371 -1.297155 0.515980
2.209371 -1.054988 0.515980
2.451537 -1.297155 0.273814
2.451537 -1.054988 0.273814
2.451537 -1.297155 0.515980
2.451537 -1.054988 0.515980
2.693704 -1.297155 0.273814
2.693704 -1.054988 0.273814
2.693704 -1.297155 0.515980
2.693704 -1.054988 0.515980
-1.180958 -1.054988 0.515980
-1.180958 -0.812822 0.515980
-0.938791 -0.812822 0.515980
-0.696625 -0.812822 0.515980
-0.454459 -0.812822 0.515980
-0.212292 -0.812822 0.515980
0.029874 -0.812822 0.515980
0.272040 -0.812822 0.515980
0.514207 -0.812822 0.515980
0.756373 -0.812822 0.515980
0.998539 -0.812822 0.515980
1.240706 -0.812822 0.515980
1.482872 -0.812822 0.515980
1.725038 -0.812822 0.515980
1.967205 -0.812822 0.515980
2.209371 -0.812822 0.273814
2.209371 -0.812822 0.515980
2.451537 -0.812822 0.273814
2.451537 -0.812822 0.515980
2.693704 -0.812822 0.273814
2.693704 -0.812822 0.515980
-1.423124 -0.812822 0.515980
-1.423124 -0.570656 0.515980
-1.180958 -0.570656 0.515980
-0.938791 -0.570656 0.515980
-0.696625 -0.570656 0.515980
-0.454459 -0.570656 0.515980
-0.212292 -0.570656 0.515980
0.029874 -0.570656 0.515980
0.272040 -0.570656 0.515980
0.514207 -0.570656 0.515980
0.756373 -0.570656 0.515980
0.998539 -0.570656 0.515980
1.240706 -0.570656 0.515980
1.482872 -0.570656 0.515980
1.725038 -0.570656 0.273814
1.725038 -0.570656 0.515980
1.967205 -0.570656 0.273814
1.967205 -0.570656 0.515980
2.209371 -0.570656 0.273814
2.209371 -0.570656 0.515980
2.451537 -0.570656 0.273814
2.451537 -0.570656 0.515980
2.693704 -0.570656 0.273814
2.693704 -0.570656 0.515980
-1.423124 -0.328489 0.515980
-1.180958 -0.328489 0.515980
-0.938791 -0.328489 0.515980
-0.696625 -0.328489 0.515980
-0.454459 -0.328489 0.515980
-0.212292 -0.328489 0.515980
0.029874 -0.328489 0.515980
0.272040 -0.328489 0.515980
0.514207 -0.328489 0.515980
0.756373 -0.328489 0.515980
0.998539 -0.328489 0.515980
1.240706 -0.328489 0.515980
1.482872 -0.328489 0.515980
1.725038 -0.328489 0.515980
1.967205 -0.328489 0.273814
1.967205 -0.328489 0.515980
2.209371 -0.328489 0.273814
2.209371 -0.328489 0.515980
2.451537 -0.328489 0.273814
2.451537 -0.328489 0.515980
2.693704 -0.328489 0.273814
2.693704 -0.328489 0.515980
-1.665290 -0.328489 0.515980
-1.665290 -0.086323 0.515980
-1.423124 -0.086323 0.515980
-1.180958 -0.086323 0.515980
-0.938791 -0.086323 0.515980
-0.696625 -0.086323 0.515980
-0.454459 -0.086323 0.515980
-0.212292 -0.086323 0.515980
0.029874 -0.086323 0.515980
0.272040 -0.086323 0.515980
0.514207 -0.086323 0.515980
0.756373 -0.086323 0.515980
0.998539 -0.086323 0.515980
1.240706 -0.086323 0.515980
1.482872 -0.086323 0.515980
1.725038 -0.086323 0.515980
1.967205 -0.086323 0.273814
1.967205 -0.086323 0.515980
2.209371 -0.086323 0.273814
2.209371 -0.086323 0.515980
2.451537 -0.086323 0.273814
2.451537 -0.086323 0.515980
2.693704 -0.086323 0.273814
2.693704 -0.086323 0.515980
-1.665290 0.155843 0.515980
-1.423124 0.155843 0.515980
-1.180958 0.155843 0.515980
-0.938791 0.155843 0.515980
-0.696625 0.155843 0.515980
-0.454459 0.155843 0.515980
-0.212292 0.155843 0.515980
0.029874 0.155843 0.515980
0.272040 0.155843 0.515980
0.514207 0.155843 0.515980
0.756373 0.155843 0.515980
0.998539 0.155843 0.515980
1.240706 0.155843 0.515980
1.482872 0.155843 0.515980
1.725038 0.155843 0.273814
1.725038 0.155843 0.515980
1.967205 0.155843 0.273814
1.967205 0.155843 0.515980
2.209371 0.155843 0.273814
2.209371 0.155843 0.515980
2.451537 0.155843 0.273814
2.451537 0.155843 0.515980
2.693704 0.155843 0.273814
2.693704 0.155843 0.515980
-1.665290 0.398009 0.515980
-1.423124 0.398009 0.515980
-1.180958 0.398009 0.515980
-0.938791 0.398009 0.515980
-0.696625 0.398009 0.515980
-0.454459 0.398009 0.515980
-0.212292 0.398009 0.515980
0.029874 0.398009 0.515980
0.272040 0.398009 0.515980
0.514207 0.398009 0.515980
0.756373 0.398009 0.515980
0.998539 0.398009 0.515980
1.240706 0.398009 0.515980
1.482872 0.398009 0.515980
1.967205 0.398009 0.273814
2.209371 0.398009 0.273814
1.967205 0.398009 0.515980
2.209371 0.398009 0.515980
-1.665290 0.640176 0.515980
-1.423124 0.640176 0.515980
-1.180958 0.640176 0.515980
-0.938791 0.640176 0.515980
-0.696625 0.640176 0.515980
-0.454459 0.640176 0.515980
-0.212292 0.640176 0.515980
0.029874 0.640176 0.515980
0.272040 0.640176 0.515980
0.514207 0.640176 0.515980
0.756373 0.640176 0.515980
0.998539 0.640176 0.515980
1.240706 0.640176 0.515980
1.482872 0.640176 0.273814
1.482872 0.640176 0.515980
-1.665290 0.882342 0.515980
-1.423124 0.882342 0.515980
-1.180958 0.882342 0.515980
-0.938791 0.882342 0.515980
-0.696625 0.882342 0.515980
-0.454459 0.882342 0.515980
-0.212292 0.882342 0.515980
0.029874 0.882342 0.515980
0.272040 0.882342 0.515980
0.514207 0.882342 0.515980
0.756373 0.882342 0.515980
0.998539 0.882342 0.515980
-1.423124 1.124508 0.515980
-1.180958 1.124508 0.515980
-0.938791 1.124508 0.515980
-0.696625 1.124508 0.515980
-0.454459 1.124508 0.515980
-0.212292 1.124508 0.515980
0.029874 1.124508 0.515980
0.272040 1.124508 0.515980
0.514207 1.124508 0.515980
0.756373 1.124508 0.515980
-1.423124 1.366675 0.515980
-1.180958 1.366675 0.515980
-0.938791 1.366675 0.515980
-0.696625 1.366675 0.515980
-0.454459 1.366675 0.515980
-0.212292 1.366675 0.515980
0.029874 1.366675 0.515980
0.272040 1.366675 0.515980
0.514207 1.366675 0.515980
-1.180958 1.608841 0.515980
-0.938791 1.608841 0.515980
-0.696625 1.608841 0.515980
-0.454459 1.608841 0.515980
-0.212292 1.608841 0.515980
0.029874 1.608841 0.515980
0.272040 1.608841 0.515980
-0.454459 -1.539321 0.758146
-0.212292 -1.539321 0.758146
-0.454459 -1.297155 0.758146
-0.212292 -1.297155 0.758146
0.029874 -1.539321 0.758146
0.029874 -1.297155 0.758146
0.272040 -1.539321 0.758146
0.272040 -1.297155 0.758146
0.514207 -1.539321 0.758146
0.514207 -1.297155 0.758146
0.756373 -1.539321 0.758146
0.756373 -1.297155 0.758146
0.998539 -1.539321 0.758146
0.998539 -1.297155 0.758146
-0.696625 -1.297155 0.758146
-0.696625 -1.054988 0.758146
-0.454459 -1.054988 0.758146
-0.212292 -1.054988 0.758146
0.029874 -1.054988 0.758146
0.272040 -1.054988 0.758146
0.514207 -1.054988 0.758146
0.756373 -1.054988 0.758146
0.998539 -1.054988 0.758146
1.240706 -1.297155 0.758146
1.240706 -1.054988 0.758146
1.482872 -1.297155 0.758146
1.482872 -1.054988 0.758146
1.725038 -1.297155 0.758146
1.725038 -1.054988 0.758146
1.967205 -1.297155 0.758146
1.967205 -1.054988 0.758146
2.209371 -1.297155 0.758146
2.209371 -1.054988 0.758146
2.451537 -1.297155 0.758146
2.451537 -1.054988 0.758146
2.693704 -1.297155 0.758146
2.693704 -1.054988 0.758146
-0.938791 -1.054988 0.758146
-0.938791 -0.812822 0.758146
-0.696625 -0.812822 0.758146
-0.454459 -0.812822 0.758146
-0.212292 -0.812822 0.758146
0.029874 -0.812822 0.758146
0.272040 -0.812822 0.758146
0.514207 -0.812822 0.758146
0.756373 -0.812822 0.758146
0.998539 -0.812822 0.758146
1.240706 -0.812822 0.758146
1.482872 -0.812822 0.758146
1.725038 -0.812822 0.758146
1.967205 -0.812822 0.758146
2.209371 -0.812822 0.758146
2.451537 -0.812822 0.758146
2.693704 -0.812822 0.758146
-1.180958 -0.812822 0.758146
-1.180958 -0.570656 0.758146
-0.938791 -0.570656 0.758146
-0.696625 -0.570656 0.758146
-0.454459 -0.570656 0.758146
-0.212292 -0.570656 0.758146
0.029874 -0.570656 0.758146
0.272040 -0.570656 0.758146
0.514207 -0.570656 0.758146
0.756373 -0.570656 0.758146
0.998539 -0.570656 0.758146
1.240706 -0.570656 0.758146
1.482872 -0.570656 0.758146
1.725038 -0.570656 0.758146
1.967205 -0.570656 0.758146
2.209371 -0.570656 0.758146
2.451537 -0.570656 0.758146
2.693704 -0.570656 0.758146
-1.423124 -0.570656 0.758146
-1.423124 -0.328489 0.758146
-1.180958 -0.328489 0.758146
-0.938791 -0.328489 0.758146
-0.696625 -0.328489 0.758146
-0.454459 -0.328489 0.758146
-0.212292 -0.328489 0.758146
0.029874 -0.328489 0.758146
0.272040 -0.328489 0.758146
0.514207 -0.328489 0.758146
0.756373 -0.328489 0.758146
0.998539 -0.328489 0.758146
1.240706 -0.328489 0.758146
1.482872 -0.328489 0.758146
1.725038 -0.328489 0.758146
1.967205 -0.328489 0.758146
2.209371 -0.328489 0.758146
2.451537 -0.328489 0.758146
2.693704 -0.328489 0.758146
-1.423124 -0.086323 0.758146
-1.180958 -0.086323 0.758146
-0.938791 -0.086323 0.758146
-0.696625 -0.086323 0.758146
-0.454459 -0.086323 0.758146
-0.212292 -0.086323 0.758146
0.029874 -0.086323 0.758146
0.272040 -0.086323 0.758146
0.514207 -0.086323 0.758146
0.756373 -0.086323 0.758146
0.998539 -0.086323 0.758146
1.240706 -0.086323 0.758146
1.482872 -0.086323 0.758146
1.725038 -0.086323 0.758146
1.967205 -0.086323 0.758146
2.209371 -0.086323 0.758146
2.451537 -0.086323 0.758146
2.693704 -0.086323 0.758146
2.935870 -0.328489 0.515980
2.935870 -0.086323 0.515980
2.935870 -0.328489 0.758146
2.935870 -0.086323 0.758146
-1.423124 0.155843 0.758146
-1.180958 0.155843 0.758146
-0.938791 0.155843 0.758146
-0.696625 0.155843 0.758146
-0.454459 0.155843 0.758146
-0.212292 0.155843 0.758146
0.029874 0.155843 0.758146
0.272040 0.155843 0.758146
0.514207 0.155843 0.758146
0.756373 0.155843 0.758146
0.998539 0.155843 0.758146
1.240706 0.155843 0.758146
1.482872 0.155843 0.758146
1.725038 0.155843 0.758146
1.967205 0.155843 0.758146
2.209371 0.155843 0.758146
2.451537 0.155843 0.758146
2.693704 0.155843 0.758146
-1.423124 0.398009 0.758146
-1.180958 0.398009 0.758146
-0.938791 0.398009 0.758146
-0.696625 0.398009 0.758146
-0.454459 0.398009 0.758146
-0.212292 0.398009 0.758146
0.029874 0.398009 0.758146
0.272040 0.398009 0.758146
0.514207 0.398009 0.758146
0.756373 0.398009 0.758146
0.998539 0.398009 0.758146
1.240706 0.398009 0.758146
1.482872 0.398009 0.758146
1.725038 0.398009 0.515980
1.725038 0.398009 0.758146
1.967205 0.398009 0.758146
2.209371 0.398009 0.758146
2.451537 0.398009 0.515980
2.451537 0.398009 0.758146
2.693704 0.398009 0.515980
2.693704 0.398009 0.758146
-1.423124 0.640176 0.758146
-1.180958 0.640176 0.758146
-0.938791 0.640176 0.758146
-0.696625 0.640176 0.758146
-0.454459 0.640176 0.758146
-0.212292 0.640176 0.758146
0.029874 0.640176 0.758146
0.272040 0.640176 0.758146
0.514207 0.640176 0.758146
0.756373 0.640176 0.758146
0.998539 0.640176 0.758146
1.240706 0.640176 0.758146
1.482872 0.640176 0.758146
1.967205 0.640176 0.515980
2.209371 0.640176 0.515980
1.967205 0.640176 0.758146
2.209371 0.640176 0.758146
2.451537 0.640176 0.515980
2.451537 0.640176 0.758146
-1.423124 0.882342 0.758146
-1.180958 0.882342 0.758146
-0.938791 0.882342 0.758146
-0.696625 0.882342 0.758146
-0.454459 0.882342 0.758146
-0.212292 0.882342 0.758146
0.029874 0.882342 0.758146
0.272040 0.882342 0.758146
0.514207 0.882342 0.758146
0.756373 0.882342 0.758146
0.998539 0.882342 0.758146
-1.423124 1.124508 0.758146
-1.180958 1.124508 0.758146
-0.938791 1.124508 0.758146
-0.696625 1.124508 0.758146
-0.454459 1.124508 0.758146
-0.212292 1.124508 0.758146
0.029874 1.124508 0.758146
0.272040 1.124508 0.758146
0.514207 1.124508 0.758146
-1.180958 1.366675 0.758146
-0.938791 1.366675 0.758146
-0.696625 1.366675 0.758146
-0.454459 1.366675 0.758146
-0.212292 1.366675 0.758146
0.029874 1.366675 0.758146
0.272040 1.366675 0.758146
-0.454459 -1.297155 1.000313
-0.212292 -1.297155 1.000313
-0.454459 -1.054988 1.000313
-0.212292 -1.054988 1.000313
0.029874 -1.297155 1.000313
0.029874 -1.054988 1.000313
0.272040 -1.297155 1.000313
0.272040 -1.054988 1.000313
0.514207 -1.297155 1.000313
0.514207 -1.054988 1.000313
0.756373 -1.297155 1.000313
0.756373 -1.054988 1.000313
0.998539 -1.297155 1.000313
0.998539 -1.054988 1.000313
1.240706 -1.297155 1.000313
1.240706 -1.054988 1.000313
1.482872 -1.297155 1.000313
1.482872 -1.054988 1.000313
1.725038 -1.297155 1.000313
1.725038 -1.054988 1.000313
1.967205 -1.297155 1.000313
1.967205 -1.054988 1.000313
2.209371 -1.297155 1.000313
2.209371 -1.054988 1.000313
-0.696625 -1.054988 1.000313
-0.696625 -0.812822 1.000313
-0.454459 -0.812822 1.000313
-0.212292 -0.812822 1.000313
0.029874 -0.812822 1.000313
0.272040 -0.812822 1.000313
0.514207 -0.812822 1.000313
0.756373 -0.812822 1.000313
0.998539 -0.812822 1.000313
1.240706 -0.812822 1.000313
1.482872 -0.812822 1.000313
1.725038 -0.812822 1.000313
1.967205 -0.812822 1.000313
2.209371 -0.812822 1.000313
2.451537 -1.054988 1.000313
2.451537 -0.812822 1.000313
-0.938791 -0.812822 1.000313
-0.938791 -0.570656 1.000313
-0.696625 -0.570656 1.000313
-0.454459 -0.570656 1.000313
-0.212292 -0.570656 1.000313
0.029874 -0.570656 1.000313
0.272040 -0.570656 1.000313
0.514207 -0.570656 1.000313
0.756373 -0.570656 1.000313
0.998539 -0.570656 1.000313
1.240706 -0.570656 1.000313
1.482872 -0.570656 1.000313
1.725038 -0.570656 1.000313
1.967205 -0.570656 1.000313
2.209371 -0.570656 1.000313
2.451537 -0.570656 1.000313
-1.180958 -0.570656 1.000313
-1.180958 -0.328489 1.000313
-0.938791 -0.328489 1.000313
-0.696625 -0.328489 1.000313
-0.454459 -0.328489 1.000313
-0.212292 -0.328489 1.000313
0.029874 -0.328489 1.000313
0.272040 -0.328489 1.000313
0.514207 -0.328489 1.000313
0.756373 -0.328489 1.000313
0.998539 -0.328489 1.000313
1.240706 -0.328489 1.000313
1.482872 -0.328489 1.000313
1.725038 -0.328489 1.000313
1.967205 -0.328489 1.000313
2.209371 -0.328489 1.000313
2.451537 -0.328489 1.000313
-1.180958 -0.086323 1.000313
-0.938791 -0.086323 1.000313
-0.696625 -0.086323 1.000313
-0.454459 -0.086323 1.000313
-0.212292 -0.086323 1.000313
0.029874 -0.086323 1.000313
0.272040 -0.086323 1.000313
0.514207 -0.086323 1.000313
0.756373 -0.086323 1.000313
0.998539 -0.086323 1.000313
1.240706 -0.086323 1.000313
1.482872 -0.086323 1.000313
1.725038 -0.086323 1.000313
1.967205 -0.086323 1.000313
2.209371 -0.086323 1.000313
2.451537 -0.086323 1.000313
-1.180958 0.155843 1.000313
-0.938791 0.155843 1.000313
-0.696625 0.155843 1.000313
-0.454459 0.155843 1.000313
-0.212292 0.155843 1.000313
0.029874 0.155843 1.000313
0.272040 0.155843 1.000313
0.514207 0.155843 1.000313
0.756373 0.155843 1.000313
0.998539 0.155843 1.000313
1.240706 0.155843 1.000313
1.482872 0.155843 1.000313
1.725038 0.155843 1.000313
1.967205 0.155843 1.000313
2.209371 0.155843 1.000313
2.451537 0.155843 1.000313
2.693704 -0.086323 1.000313
2.693704 0.155843 1.000313
-1.180958 0.398009 1.000313
-0.938791 0.398009 1.000313
-0.696625 0.398009 1.000313
-0.454459 0.398009 1.000313
-0.212292 0.398009 1.000313
0.029874 0.398009 1.000313
0.272040 0.398009 1.000313
0.514207 0.398009 1.000313
0.756373 0.398009 1.000313
0.998539 0.398009 1.000313
1.240706 0.398009 1.000313
1.482872 0.398009 1.000313
1.725038 0.398009 1.000313
1.967205 0.398009 1.000313
2.209371 0.398009 1.000313
2.451537 0.398009 1.000313
2.693704 0.398009 1.000313
-1.180958 0.640176 1.000313
-0.938791 0.640176 1.000313
-0.696625 0.640176 1.000313
-0.454459 0.640176 1.000313
-0.212292 0.640176 1.000313
0.029874 0.640176 1.000313
0.272040 0.640176 1.000313
0.514207 0.640176 1.000313
0.756373 0.640176 1.000313
0.998539 0.640176 1.000313
1.240706 0.640176 1.000313
1.967205 0.640176 1.000313
2.209371 0.640176 1.000313
2.451537 0.640176 1.000313
-1.180958 0.882342 1.000313
-0.938791 0.882342 1.000313
-0.696625 0.882342 1.000313
-0.454459 0.882342 1.000313
-0.212292 0.882342 1.000313
0.029874 0.882342 1.000313
0.272040 0.882342 1.000313
0.514207 0.882342 1.000313
0.756373 0.882342 1.000313
-0.696625 1.124508 1.000313
-0.454459 1.124508 1.000313
-0.212292 1.124508 1.000313
0.029874 1.124508 1.000313
0.998539 -1.297155 1.242479
1.240706 -1.297155 1.242479
0.998539 -1.054988 1.242479
1.240706 -1.054988 1.242479
1.482872 -1.297155 1.242479
1.482872 -1.054988 1.242479
1.725038 -1.297155 1.242479
1.725038 -1.054988 1.242479
-0.212292 -1.054988 1.242479
0.029874 -1.054988 1.242479
-0.212292 -0.812822 1.242479
0.029874 -0.812822 1.242479
0.272040 -1.054988 1.242479
0.272040 -0.812822 1.242479
0.514207 -1.054988 1.242479
0.514207 -0.812822 1.242479
0.756373 -1.054988 1.242479
0.756373 -0.812822 1.242479
0.998539 -0.812822 1.242479
1.240706 -0.812822 1.242479
1.482872 -0.812822 1.242479
1.725038 -0.812822 1.242479
-0.454459 -0.812822 1.242479
-0.454459 -0.570656 1.242479
-0.212292 -0.570656 1.242479
0.029874 -0.570656 1.242479
0.272040 -0.570656 1.242479
0.514207 -0.570656 1.242479
0.756373 -0.570656 1.242479
0.998539 -0.570656 1.242479
1.240706 -0.570656 1.242479
1.482872 -0.570656 1.242479
1.725038 -0.570656 1.242479
1.967205 -0.812822 1.242479
1.967205 -0.570656 1.242479
-0.696625 -0.570656 1.242479
-0.696625 -0.328489 1.242479
-0.454459 -0.328489 1.242479
-0.212292 -0.328489 1.242479
0.029874 -0.328489 1.242479
0.272040 -0.328489 1.242479
0.514207 -0.328489 1.242479
0.756373 -0.328489 1.242479
0.998539 -0.328489 1.242479
1.240706 -0.328489 1.242479
1.482872 -0.328489 1.242479
1.725038 -0.328489 1.242479
1.967205 -0.328489 1.242479
-0.696625 -0.086323 1.242479
-0.454459 -0.086323 1.242479
-0.212292 -0.086323 1.242479
0.029874 -0.086323 1.242479
0.272040 -0.086323 1.242479
0.514207 -0.086323 1.242479
0.756373 -0.086323 1.242479
0.998539 -0.086323 1.242479
1.240706 -0.086323 1.242479
1.482872 -0.086323 1.242479
1.725038 -0.086323 1.242479
1.967205 -0.086323 1.242479
-0.696625 0.155843 1.242479
-0.454459 0.155843 1.242479
-0.212292 0.155843 1.242479
0.029874 0.155843 1.242479
0.272040 0.155843 1.242479
0.514207 0.155843 1.242479
0.756373 0.155843 1.242479
0.998539 0.155843 1.242479
1.240706 0.155843 1.242479
1.482872 0.155843 1.242479
1.725038 0.155843 1.242479
1.967205 0.155843 1.242479
-0.696625 0.398009 1.242479
-0.454459 0.398009 1.242479
-0.212292 0.398009 1.242479
0.029874 0.398009 1.242479
0.272040 0.398009 1.242479
0.514207 0.398009 1.242479
0.756373 0.398009 1.242479
0.998539 0.398009 1.242479
1.240706 0.398009 1.242479
1.482872 0.398009 1.242479
-0.696625 0.640176 1.242479
-0.454459 0.640176 1.242479
-0.212292 0.640176 1.242479
0.029874 0.640176 1.242479
0.272040 0.640176 1.242479
0.514207 0.640176 1.242479
0.756373 0.640176 1.242479
0.272040 -0.570656 1.484645
0.514207 -0.570656 1.484645
0.272040 -0.328489 1.484645
0.514207 -0.328489 1.484645
0.756373 -0.570656 1.484645
0.756373 -0.328489 1.484645
0.998539 -0.570656 1.484645
0.998539 -0.328489 1.484645
0.272040 -0.086323 1.484645
0.514207 -0.086323 1.484645
0.756373 -0.086323 1.484645
0.998539 -0.086323 1.484645
1.240706 -0.328489 1.484645
1.240706 -0.086323 1.484645
0.272040 0.155843 1.484645
0.514207 0.155843 1.484645
0.756373 0.155843 1.484645
0.998539 0.155843 1.484645
1.240706 0.155843 1.484645

TETRAHEDRA
0 1 2 4
1 3 2 7
1 2 4 7
1 4 5 7
2 4 7 6
1 8 9 10
1 9 3 7
1 5 10 7
9 10 11 7
1 10 9 7
2 3 13 7
2 13 12 14
2 6 7 14
13 7 15 14
2 7 13 14
3 9 13 7
9 16 13 17
9 13 7 17
9 7 11 17
13 7 17 15
12 13 18 14
13 19 18 21
13 18 14 21
13 14 15 21
18 14 21 20
13 16 22 17
13 22 19 21
13 15 17 21
22 17 23 21
13 17 22 21
24 25 26 28
25 27 26 31
25 26 28 31
25 28 29 31
26 28 31 30
25 32 33 34
25 33 27 31
25 29 34 31
33 34 35 31
25 34 33 31
36 26 4 37
26 5 4 39
26 4 37 39
26 37 30 39
4 37 39 38
26 27 10 31
26 10 5 39
26 30 31 39
10 31 40 39
26 31 10 39
27 33 10 31
33 41 10 42
33 10 31 42
33 31 35 42
10 31 42 40
4 5 7 39
4 7 6 43
4 38 39 43
7 39 44 43
4 39 7 43
5 10 7 39
10 11 7 45
10 7 39 45
10 39 40 45
7 39 45 44
10 41 46 42
10 46 11 45
10 40 42 45
46 42 47 45
10 42 46 45
6 7 14 43
7 15 14 49
7 14 43 49
7 43 44 49
14 43 49 48
7 11 17 45
7 17 15 49
7 44 45 49
17 45 50 49
7 45 17 49
11 46 17 45
46 51 17 52
46 17 45 52
46 45 47 52
17 45 52 50
14 15 21 49
14 21 20 53
14 48 49 53
21 49 54 53
14 49 21 53
15 17 21 49
17 23 21 55
17 21 49 55
17 49 50 55
21 49 55 54
17 51 56 52
17 56 23 55
17 50 52 55
56 52 57 55
17 52 56 55
21 23 59 55
21 59 58 60
21 54 55 60
59 55 61 60
21 55 59 60
23 56 59 55
56 62 59 63
56 59 55 63
56 55 57 63
59 55 63 61
64 65 28 66
65 29 28 69
65 28 66 69
65 66 67 69
28 66 69 68
65 70 34 71
65 34 29 69
65 67 71 69
34 71 72 69
65 71 34 69
70 73 34 71
73 74 34 76
73 34 71 76
73 71 75 76
34 71 76 72
28 29 31 69
28 31 30 77
28 68 69 77
31 69 78 77
28 69 31 77
29 34 31 69
34 35 31 79
34 31 69 79
34 69 72 79
31 69 79 78
34 74 80 76
34 80 35 79
34 72 76 79
80 76 81 79
34 76 80 79
37 30 39 77
37 39 38 83
37 82 77 83
39 77 84 83
37 77 39 83
30 31 39 77
31 40 39 85
31 39 77 85
31 77 78 85
39 77 85 84
31 35 42 79
31 42 40 85
31 78 79 85
42 79 86 85
31 79 42 85
35 80 42 79
80 87 42 88
80 42 79 88
80 79 81 88
42 79 88 86
38 39 43 83
39 44 43 90
39 43 83 90
39 83 84 90
43 83 90 89
39 40 45 85
39 45 44 90
39 84 85 90
45 85 91 90
39 85 45 90
40 42 45 85
42 47 45 92
42 45 85 92
42 85 86 92
45 85 92 91
42 87 93 88
42 93 47 92
42 86 88 92
93 88 94 92
42 88 93 92
43 44 49 90
43 49 48 95
43 89 90 95
49 90 96 95
43 90 49 95
44 45 49 90
45 50 49 97
45 49 90 97
45 90 91 97
49 90 97 96
45 47 52 92
45 52 50 97
45 91 92 97
52 92 98 97
45 92 52 97
47 93 52 92
93 99 52 100
93 52 92 100
93 92 94 100
52 92 100 98
48 49 53 95
49 54 53 102
49 53 95 102
49 95 96 102
53 95 102 101
49 50 55 97
49 55 54 102
49 96 97 102
55 97 103 102
49 97 55 102
50 52 55 97
52 57 55 104
52 55 97 104
52 97 98 104
55 97 104 103
52 99 105 100
52 105 57 104
52 98 100 104
105 100 106 104
52 100 105 104
53 54 60 102
53 60 107 108
53 101 102 108
60 102 109 108
53 102 60 108
54 55 60 102
55 61 60 110
55 60 102 110
55 102 103 110
60 102 110 109
55 57 63 104
55 63 61 110
55 103 104 110
63 104 111 110
55 104 63 110
60 61 113 110
60 113 112 114
60 109 110 114
113 110 115 114
60 110 113 114
116 117 71 119
116 71 67 120
116 118 119 120
71 119 121 120
116 119 71 120
117 122 71 119
122 75 71 124
122 71 119 124
122 119 123 124
71 119 124 121
122 125 126 127
122 126 75 124
122 123 127 124
126 127 128 124
122 127 126 124
66 67 69 120
66 69 68 130
66 129 120 130
69 120 131 130
66 120 69 130
67 71 69 120
71 72 69 132
71 69 120 132
71 120 121 132
69 120 132 131
71 75 76 124
71 76 72 132
71 121 124 132
76 124 133 132
71 124 76 132
75 126 76 124
126 134 76 135
126 76 124 135
126 124 128 135
76 124 135 133
136 68 77 130
136 77 82 138
136 137 130 138
77 130 139 138
136 130 77 138
68 69 77 130
69 78 77 140
69 77 130 140
69 130 131 140
77 130 140 139
69 72 79 132
69 79 78 140
69 131 132 140
79 132 141 140
69 132 79 140
72 76 79 132
76 81 79 142
76 79 132 142
76 132 133 142
79 132 142 141
76 134 143 135
76 143 81 142
76 133 135 142
143 135 144 142
76 135 143 142
82 77 83 138
77 84 83 146
77 83 138 146
77 138 139 146
83 138 146 145
77 78 85 140
77 85 84 146
77 139 140 146
85 140 147 146
77 140 85 146
78 79 85 140
79 86 85 148
79 85 140 148
79 140 141 148
85 140 148 147
79 81 88 142
79 88 86 148
79 141 142 148
88 142 149 148
79 142 88 148
83 84 90 146
83 90 89 150
83 145 146 150
90 146 151 150
83 146 90 150
84 85 90 146
85 91 90 152
85 90 146 152
85 146 147 152
90 146 152 151
85 86 92 148
85 92 91 152
85 147 148 152
92 148 153 152
85 148 92 152
86 88 92 148
88 94 92 154
88 92 148 154
88 148 149 154
92 148 154 153
89 90 95 150
90 96 95 156
90 95 150 156
90 150 151 156
95 150 156 155
90 91 97 152
90 97 96 156
90 151 152 156
97 152 157 156
90 152 97 156
91 92 97 152
92 98 97 158
92 97 152 158
92 152 153 158
97 152 158 157
92 94 100 154
92 100 98 158
92 153 154 158
100 154 159 158
92 154 100 158
95 96 102 156
95 102 101 160
95 155 156 160
102 156 161 160
95 156 102 160
96 97 102 156
97 103 102 162
97 102 156 162
97 156 157 162
102 156 162 161
97 98 104 158
97 104 103 162
97 157 158 162
104 158 163 162
97 158 104 162
98 100 104 158
100 106 104 164
100 104 158 164
100 158 159 164
104 158 164 163
101 102 108 160
102 109 108 166
102 108 160 166
102 160 161 166
108 160 166 165
102 103 110 162
102 110 109 166
102 161 162 166
110 162 167 166
102 162 110 166
103 104 110 162
104 111 110 168
104 110 162 168
104 162 163 168
110 162 168 167
109 110 114 166
110 115 114 170
110 114 166 170
110 166 167 170
114 166 170 169
110 111 171 168
110 171 115 170
110 167 168 170
171 168 172 170
110 168 171 170
173 174 119 175
174 123 119 178
174 119 175 178
174 175 176 178
119 175 178 177
174 179 127 180
174 127 123 178
174 176 180 178
127 180 181 178
174 180 127 178
182 118 120 184
182 120 129 185
182 183 184 185
120 184 186 185
182 184 120 185
118 119 120 184
119 121 120 187
119 120 184 187
119 184 177 187
120 184 187 186
119 123 124 178
119 124 121 187
119 177 178 187
124 178 188 187
119 178 124 187
123 127 124 178
127 128 124 189
127 124 178 189
127 178 181 189
124 178 189 188
129 120 130 185
120 131 130 191
120 130 185 191
120 185 186 191
130 185 191 190
120 121 132 187
120 132 131 191
120 186 187 191
132 187 192 191
120 187 132 191
121 124 132 187
124 133 132 193
124 132 187 193
124 187 188 193
132 187 193 192
124 128 135 189
124 135 133 193
124 188 189 193
135 189 194 193
124 189 135 193
137 130 138 195
130 139 138 197
130 138 195 197
130 195 190 197
138 195 197 196
130 131 140 191
130 140 139 197
130 190 191 197
140 191 198 197
130 191 140 197
131 132 140 191
132 141 140 199
132 140 191 199
132 191 192 199
140 191 199 198
132 133 142 193
132 142 141 199
132 192 193 199
142 193 200 199
132 193 142 199
133 135 142 193
135 144 142 201
135 142 193 201
135 193 194 201
142 193 201 200
138 139 146 197
138 146 145 202
138 196 197 202
146 197 203 202
138 197 146 202
139 140 146 197
140 147 146 204
140 146 197 204
140 197 198 204
146 197 204 203
140 141 148 199
140 148 147 204
140 198 199 204
148 199 205 204
140 199 148 204
141 142 148 199
142 149 148 206
142 148 199 206
142 199 200 206
148 199 206 205
142 144 207 201
142 207 149 206
142 200 201 206
207 201 208 206
142 201 207 206
145 146 150 202
146 151 150 210
146 150 202 210
146 202 203 210
150 202 210 209
146 147 152 204
146 152 151 210
146 203 204 210
152 204 211 210
146 204 152 210
147 148 152 204
148 153 152 212
148 152 204 212
148 204 205 212
152 204 212 211
148 149 154 206
148 154 153 212
148 205 206 212
154 206 213 212
148 206 154 212
149 207 154 206
207 214 154 215
207 154 206 215
207 206 208 215
154 206 215 213
216 150 217 218
150 155 217 220
150 217 218 220
150 218 209 220
217 218 220 219
150 151 156 210
150 156 155 220
150 209 210 220
156 210 221 220
150 210 156 220
151 152 156 210
152 157 156 222
152 156 210 222
152 210 211 222
156 210 222 221
152 153 158 212
152 158 157 222
152 211 212 222
158 212 223 222
152 212 158 222
153 154 158 212
154 159 158 224
154 158 212 224
154 212 213 224
158 212 224 223
154 214 225 215
154 225 159 224
154 213 215 224
225 215 226 224
154 215 225 224
155 156 160 220
156 161 160 228
156 160 220 228
156 220 221 228
160 220 228 227
156 157 162 222
156 162 161 228
156 221 222 228
162 222 229 228
156 222 162 228
157 158 162 222
158 163 162 230
158 162 222 230
158 222 223 230
162 222 230 229
158 159 164 224
158 164 163 230
158 223 224 230
164 224 231 230
158 224 164 230
160 161 166 228
160 166 165 232
160 227 228 232
166 228 233 232
160 228 166 232
161 162 166 228
162 167 166 234
162 166 228 234
162 228 229 234
166 228 234 233
162 163 168 230
162 168 167 234
162 229 230 234
168 230 235 234
162 230 168 234
163 164 168 230
164 236 168 237
164 168 230 237
164 230 231 237
168 230 237 235
165 166 238 232
166 169 238 240
166 238 232 240
166 232 233 240
238 232 240 239
166 167 170 234
166 170 169 240
166 233 234 240
170 234 241 240
166 234 170 240
167 168 170 234
168 172 170 242
168 170 234 242
168 234 235 242
170 234 242 241
243 175 184 244
175 177 184 247
175 184 244 247
175 244 245 247
184 244 247 246
175 176 178 248
175 178 177 247
175 245 248 247
178 248 249 247
175 248 178 247
176 180 178 248
180 181 178 251
180 178 248 251
180 248 250 251
178 248 251 249
180 252 253 254
180 253 181 251
180 250 254 251
253 254 255 251
180 254 253 251
183 184 185 256
184 186 185 258
184 185 256 258
184 256 246 258
185 256 258 257
184 177 187 247
184 187 186 258
184 246 247 258
187 247 259 258
184 247 187 258
177 178 187 247
178 188 187 260
178 187 247 260
178 247 249 260
187 247 260 259
178 181 189 251
178 189 188 260
178 249 251 260
189 251 261 260
178 251 189 260
181 253 189 251
253 262 189 263
253 189 251 263
253 251 255 263
189 251 263 261
264 185 195 265
185 190 195 267
185 195 265 267
185 265 257 267
195 265 267 266
185 186 191 258
185 191 190 267
185 257 258 267
191 258 268 267
185 258 191 267
186 187 191 258
187 192 191 269
187 191 258 269
187 258 259 269
191 258 269 268
187 188 193 260
187 193 192 269
187 259 260 269
193 260 270 269
187 260 193 269
188 189 193 260
189 194 193 271
189 193 260 271
189 260 261 271
193 260 271 270
195 190 197 267
195 197 196 272
195 266 267 272
197 267 273 272
195 267 197 272
190 191 197 267
191 198 197 274
191 197 267 274
191 267 268 274
197 267 274 273
191 192 199 269
191 199 198 274
191 268 269 274
199 269 275 274
191 269 199 274
192 193 199 269
193 200 199 276
193 199 269 276
193 269 270 276
199 269 276 275
193 194 201 271
193 201 200 276
193 270 271 276
201 271 277 276
193 271 201 276
278 196 202 272
278 202 279 281
278 280 272 281
202 272 282 281
278 272 202 281
196 197 202 272
197 203 202 283
197 202 272 283
197 272 273 283
202 272 283 282
197 198 204 274
197 204 203 283
197 273 274 283
204 274 284 283
197 274 204 283
198 199 204 274
199 205 204 285
199 204 274 285
199 274 275 285
204 274 285 284
199 200 206 276
199 206 205 285
199 275 276 285
206 276 286 285
199 276 206 285
200 201 206 276
201 208 206 287
201 206 276 287
201 276 277 287
206 276 287 286
201 288 289 290
201 289 208 287
201 277 290 287
289 290 291 287
201 290 289 287
279 202 218 281
202 209 218 293
202 218 281 293
202 281 282 293
218 281 293 292
202 203 210 283
202 210 209 293
202 282 283 293
210 283 294 293
202 283 210 293
203 204 210 283
204 211 210 295
204 210 283 295
204 283 284 295
210 283 295 294
204 205 212 285
204 212 211 295
204 284 285 295
212 285 296 295
204 285 212 295
205 206 212 285
206 213 212 297
206 212 285 297
206 285 286 297
212 285 297 296
206 208 215 287
206 215 213 297
206 286 287 297
215 287 298 297
206 287 215 297
208 289 215 287
289 299 215 300
289 215 287 300
289 287 291 300
215 287 300 298
218 209 220 293
218 220 219 301
218 292 293 301
220 293 302 301
218 293 220 301
209 210 220 293
210 221 220 303
210 220 293 303
210 293 294 303
220 293 303 302
210 211 222 295
210 222 221 303
210 294 295 303
222 295 304 303
210 295 222 303
211 212 222 295
212 223 222 305
212 222 295 305
212 295 296 305
222 295 305 304
212 213 224 297
212 224 223 305
212 296 297 305
224 297 306 305
212 297 224 305
213 215 224 297
215 226 224 307
215 224 297 307
215 297 298 307
224 297 307 306
215 299 308 300
215 308 226 307
215 298 300 307
308 300 309 307
215 300 308 307
219 220 310 301
220 227 310 312
220 310 301 312
220 301 302 312
310 301 312 311
220 221 228 303
220 228 227 312
220 302 303 312
228 303 313 312
220 303 228 312
221 222 228 303
222 229 228 314
222 228 303 314
222 303 304 314
228 303 314 313
222 223 230 305
222 230 229 314
222 304 305 314
230 305 315 314
222 305 230 314
223 224 230 305
224 231 230 316
224 230 305 316
224 305 306 316
230 305 316 315
224 226 317 307
224 317 231 316
224 306 307 316
317 307 318 316
224 307 317 316
310 227 232 312
310 232 319 320
310 311 312 320
232 312 321 320
310 312 232 320
227 228 232 312
228 233 232 322
228 232 312 322
228 312 313 322
232 312 322 321
228 229 234 314
228 234 233 322
228 313 314 322
234 314 323 322
228 314 234 322
229 230 234 314
230 235 234 324
230 234 314 324
230 314 315 324
234 314 324 323
230 231 237 316
230 237 235 324
230 315 316 324
237 316 325 324
230 316 237 324
232 233 240 322
232 240 239 326
232 321 322 326
240 322 327 326
232 322 240 326
233 234 240 322
234 241 240 328
234 240 322 328
234 322 323 328
240 322 328 327
234 235 242 324
234 242 241 328
234 323 324 328
242 324 329 328
234 324 242 328
235 237 242 324
237 330 242 331
237 242 324 331
237 324 325 331
242 324 331 329
240 241 333 328
240 333 332 334
240 327 328 334
333 328 335 334
240 328 333 334
241 242 333 328
242 336 333 337
242 333 328 337
242 328 329 337
333 328 337 335
338 339 254 341
338 254 250 342
338 340 341 342
254 341 343 342
338 341 254 342
339 344 254 341
344 345 254 347
344 254 341 347
344 341 346 347
254 341 347 343
244 245 247 349
244 247 246 350
244 348 349 350
247 349 351 350
244 349 247 350
245 248 247 349
248 249 247 353
248 247 349 353
248 349 352 353
247 349 353 351
248 250 251 342
248 251 249 353
248 352 342 353
251 342 354 353
248 342 251 353
250 254 251 342
254 255 251 355
254 251 342 355
254 342 343 355
251 342 355 354
254 345 356 347
254 356 255 355
254 343 347 355
356 347 357 355
254 347 356 355
256 246 258 350
256 258 257 359
256 358 350 359
258 350 360 359
256 350 258 359
246 247 258 350
247 259 258 361
247 258 350 361
247 350 351 361
258 350 361 360
247 249 260 353
247 260 259 361
247 351 353 361
260 353 362 361
247 353 260 361
249 251 260 353
251 261 260 363
251 260 353 363
251 353 354 363
260 353 363 362
251 255 263 355
251 263 261 363
251 354 355 363
263 355 364 363
251 355 263 363
265 257 267 359
265 267 266 366
265 365 359 366
267 359 367 366
265 359 267 366
257 258 267 359
258 268 267 368
258 267 359 368
258 359 360 368
267 359 368 367
258 259 269 361
258 269 268 368
258 360 361 368
269 361 369 368
258 361 269 368
259 260 269 361
260 270 269 370
260 269 361 370
260 361 362 370
269 361 370 369
260 261 271 363
260 271 270 370
260 362 363 370
271 363 371 370
260 363 271 370
261 263 271 363
263 372 271 373
263 271 363 373
263 363 364 373
271 363 373 371
374 266 272 366
374 272 280 376
374 375 366 376
272 366 377 376
374 366 272 376
266 267 272 366
267 273 272 378
267 272 366 378
267 366 367 378
272 366 378 377
267 268 274 368
267 274 273 378
267 367 368 378
274 368 379 378
267 368 274 378
268 269 274 368
269 275 274 380
269 274 368 380
269 368 369 380
274 368 380 379
269 270 276 370
269 276 275 380
269 369 370 380
276 370 381 380
269 370 276 380
270 271 276 370
271 277 276 382
271 276 370 382
271 370 371 382
276 370 382 381
271 372 290 373
271 290 277 382
271 371 373 382
290 373 383 382
271 373 290 382
280 272 281 376
272 282 281 385
272 281 376 385
272 376 377 385
281 376 385 384
272 273 283 378
272 283 282 385
272 377 378 385
283 378 386 385
272 378 283 385
273 274 283 378
274 284 283 387
274 283 378 387
274 378 379 387
283 378 387 386
274 275 285 380
274 285 284 387
274 379 380 387
285 380 388 387
274 380 285 387
275 276 285 380
276 286 285 389
276 285 380 389
276 380 381 389
285 380 389 388
276 277 287 382
276 287 286 389
276 381 382 389
287 382 390 389
276 382 287 389
277 290 287 382
290 291 287 391
290 287 382 391
290 382 383 391
287 382 391 390
290 392 393 394
290 393 291 391
290 383 394 391
393 394 395 391
290 394 393 391
281 282 293 385
281 293 292 396
281 384 385 396
293 385 397 396
281 385 293 396
282 283 293 385
283 294 293 398
283 293 385 398
283 385 386 398
293 385 398 397
283 284 295 387
283 295 294 398
283 386 387 398
295 387 399 398
283 387 295 398
284 285 295 387
285 296 295 400
285 295 387 400
285 387 388 400
295 387 400 399
285 286 297 389
285 297 296 400
285 388 389 400
297 389 401 400
285 389 297 400
286 287 297 389
287 298 297 402
287 297 389 402
287 389 390 402
297 389 402 401
287 291 300 391
287 300 298 402
287 390 391 402
300 391 403 402
287 391 300 402
291 393 300 391
393 404 300 405
393 300 391 405
393 391 395 405
300 391 405 403
292 293 301 396
293 302 301 407
293 301 396 407
293 396 397 407
301 396 407 406
293 294 303 398
293 303 302 407
293 397 398 407
303 398 408 407
293 398 303 407
294 295 303 398
295 304 303 409
295 303 398 409
295 398 399 409
303 398 409 408
295 296 305 400
295 305 304 409
295 399 400 409
305 400 410 409
295 400 305 409
296 297 305 400
297 306 305 411
297 305 400 411
297 400 401 411
305 400 411 410
297 298 307 402
297 307 306 411
297 401 402 411
307 402 412 411
297 402 307 411
298 300 307 402
300 309 307 413
300 307 402 413
300 402 403 413
307 402 413 412
300 404 414 405
300 414 309 413
300 403 405 413
414 405 415 413
300 405 414 413
301 302 312 407
301 312 311 416
301 406 407 416
312 407 417 416
301 407 312 416
302 303 312 407
303 313 312 418
303 312 407 418
303 407 408 418
312 407 418 417
303 304 314 409
303 314 313 418
303 408 409 418
314 409 419 418
303 409 314 418
304 305 314 409
305 315 314 420
305 314 409 420
305 409 410 420
314 409 420 419
305 306 316 411
305 316 315 420
305 410 411 420
316 411 421 420
305 411 316 420
306 307 316 411
307 318 316 422
307 316 411 422
307 411 412 422
316 411 422 421
307 309 423 413
307 423 318 422
307 412 413 422
423 413 424 422
307 413 423 422
311 312 320 416
312 321 320 426
312 320 416 426
312 416 417 426
320 416 426 425
312 313 322 418
312 322 321 426
312 417 418 426
322 418 427 426
312 418 322 426
313 314 322 418
314 323 322 428
314 322 418 428
314 418 419 428
322 418 428 427
314 315 324 420
314 324 323 428
314 419 420 428
324 420 429 428
314 420 324 428
315 316 324 420
316 325 324 430
316 324 420 430
316 420 421 430
324 420 430 429
316 318 431 422
316 431 325 430
316 421 422 430
431 422 432 430
316 422 431 430
320 321 326 426
320 326 433 434
320 425 426 434
326 426 435 434
320 426 326 434
321 322 326 426
322 327 326 436
322 326 426 436
322 426 427 436
326 426 436 435
322 323 328 428
322 328 327 436
322 427 428 436
328 428 437 436
322 428 328 436
323 324 328 428
324 329 328 438
324 328 428 438
324 428 429 438
328 428 438 437
324 325 331 430
324 331 329 438
324 429 430 438
331 430 439 438
324 430 331 438
326 327 334 436
326 334 440 441
326 435 436 441
334 436 442 441
326 436 334 441
327 328 334 436
328 335 334 443
328 334 436 443
328 436 437 443
334 436 443 442
328 329 337 438
328 337 335 443
328 437 438 443
337 438 444 443
328 438 337 443
329 331 337 438
331 445 337 446
331 337 438 446
331 438 439 446
337 438 446 444
334 335 448 443
334 448 447 449
334 442 443 449
448 443 450 449
334 443 448 449
335 337 448 443
337 451 448 452
337 448 443 452
337 443 444 452
448 443 452 450
453 454 349 456
453 349 348 457
453 455 456 457
349 456 458 457
453 456 349 457
454 459 349 456
459 352 349 461
459 349 456 461
459 456 460 461
349 456 461 458
459 340 342 462
459 342 352 461
459 460 462 461
342 462 463 461
459 462 342 461
340 341 342 462
341 343 342 465
341 342 462 465
341 462 464 465
342 462 465 463
341 346 347 466
341 347 343 465
341 464 466 465
347 466 467 465
341 466 347 465
346 468 347 466
468 469 347 471
468 347 466 471
468 466 470 471
347 466 471 467
472 348 350 457
472 350 358 474
472 473 457 474
350 457 475 474
472 457 350 474
348 349 350 457
349 351 350 476
349 350 457 476
349 457 458 476
350 457 476 475
349 352 353 461
349 353 351 476
349 458 461 476
353 461 477 476
349 461 353 476
352 342 353 461
342 354 353 478
342 353 461 478
342 461 463 478
353 461 478 477
342 343 355 465
342 355 354 478
342 463 465 478
355 465 479 478
342 465 355 478
343 347 355 465
347 357 355 480
347 355 465 480
347 465 467 480
355 465 480 479
347 469 481 471
347 481 357 480
347 467 471 480
481 471 482 480
347 471 481 480
483 358 359 474
483 359 365 485
483 484 474 485
359 474 486 485
483 474 359 485
358 350 359 474
350 360 359 487
350 359 474 487
350 474 475 487
359 474 487 486
350 351 361 476
350 361 360 487
350 475 476 487
361 476 488 487
350 476 361 487
351 353 361 476
353 362 361 489
353 361 476 489
353 476 477 489
361 476 489 488
353 354 363 478
353 363 362 489
353 477 478 489
363 478 490 489
353 478 363 489
354 355 363 478
355 364 363 491
355 363 478 491
355 478 479 491
363 478 491 490
355 357 492 480
355 492 364 491
355 479 480 491
492 480 493 491
355 480 492 491
494 365 366 485
494 366 375 496
494 495 485 496
366 485 497 496
494 485 366 496
365 359 366 485
359 367 366 498
359 366 485 498
359 485 486 498
366 485 498 497
359 360 368 487
359 368 367 498
359 486 487 498
368 487 499 498
359 487 368 498
360 361 368 487
361 369 368 500
361 368 487 500
361 487 488 500
368 487 500 499
361 362 370 489
361 370 369 500
361 488 489 500
370 489 501 500
361 489 370 500
362 363 370 489
363 371 370 502
363 370 489 502
363 489 490 502
370 489 502 501
363 364 373 491
363 373 371 502
363 490 491 502
373 491 503 502
363 491 373 502
364 492 373 491
492 504 373 505
492 373 491 505
492 491 493 505
373 491 505 503
375 366 376 496
366 377 376 507
366 376 496 507
366 496 497 507
376 496 507 506
366 367 378 498
366 378 377 507
366 497 498 507
378 498 508 507
366 498 378 507
367 368 378 498
368 379 378 509
368 378 498 509
368 498 499 509
378 498 509 508
368 369 380 500
368 380 379 509
368 499 500 509
380 500 510 509
368 500 380 509
369 370 380 500
370 381 380 511
370 380 500 511
370 500 501 511
380 500 511 510
370 371 382 502
370 382 381 511
370 501 502 511
382 502 512 511
370 502 382 511
371 373 382 502
373 383 382 513
373 382 502 513
373 502 503 513
382 502 513 512
373 504 394 505
373 394 383 513
373 503 505 513
394 505 514 513
373 505 394 513
376 377 385 507
376 385 384 515
376 506 507 515
385 507 516 515
376 507 385 515
377 378 385 507
378 386 385 517
378 385 507 517
378 507 508 517
385 507 517 516
378 379 387 509
378 387 386 517
378 508 509 517
387 509 518 517
378 509 387 517
379 380 387 509
380 388 387 519
380 387 509 519
380 509 510 519
387 509 519 518
380 381 389 511
380 389 388 519
380 510 511 519
389 511 520 519
380 511 389 519
381 382 389 511
382 390 389 521
382 389 511 521
382 511 512 521
389 511 521 520
382 383 391 513
382 391 390 521
382 512 513 521
391 513 522 521
382 513 391 521
383 394 391 513
394 395 391 523
394 391 513 523
394 513 514 523
391 513 523 522
394 524 525 526
394 525 395 523
394 514 526 523
525 526 527 523
394 526 525 523
384 385 396 515
385 397 396 529
385 396 515 529
385 515 516 529
396 515 529 528
385 386 398 517
385 398 397 529
385 516 517 529
398 517 530 529
385 517 398 529
386 387 398 517
387 399 398 531
387 398 517 531
387 517 518 531
398 517 531 530
387 388 400 519
387 400 399 531
387 518 519 531
400 519 532 531
387 519 400 531
388 389 400 519
389 401 400 533
389 400 519 533
389 519 520 533
400 519 533 532
389 390 402 521
389 402 401 533
389 520 521 533
402 521 534 533
389 521 402 533
390 391 402 521
391 403 402 535
391 402 521 535
391 521 522 535
402 521 535 534
391 395 405 523
391 405 403 535
391 522 523 535
405 523 536 535
391 523 405 535
395 525 405 523
525 537 405 538
525 405 523 538
525 523 527 538
405 523 538 536
525 539 540 541
525 540 537 538
525 527 541 538
540 541 542 538
525 541 540 538
396 397 407 529
396 407 406 543
396 528 529 543
407 529 544 543
396 529 407 543
397 398 407 529
398 408 407 545
398 407 529 545
398 529 530 545
407 529 545 544
398 399 409 531
398 409 408 545
398 530 531 545
409 531 546 545
398 531 409 545
399 400 409 531
400 410 409 547
400 409 531 547
400 531 532 547
409 531 547 546
400 401 411 533
400 411 410 547
400 532 533 547
411 533 548 547
400 533 411 547
401 402 411 533
402 412 411 549
402 411 533 549
402 533 534 549
411 533 549 548
402 403 413 535
402 413 412 549
402 534 535 549
413 535 550 549
402 535 413 549
403 405 413 535
405 415 413 551
405 413 535 551
405 535 536 551
413 535 551 550
405 537 552 538
405 552 415 551
405 536 538 551
552 538 553 551
405 538 552 551
537 540 552 538
540 554 552 555
540 552 538 555
540 538 542 555
552 538 555 553
406 407 416 543
407 417 416 557
407 416 543 557
407 543 544 557
416 543 557 556
407 408 418 545
407 418 417 557
407 544 545 557
418 545 558 557
407 545 418 557
408 409 418 545
409 419 418 559
409 418 545 559
409 545 546 559
418 545 559 558
409 410 420 547
409 420 419 559
409 546 547 559
420 547 560 559
409 547 420 559
410 411 420 547
411 421 420 561
411 420 547 561
411 547 548 561
420 547 561 560
411 412 422 549
411 422 421 561
411 548 549 561
422 549 562 561
411 549 422 561
412 413 422 549
413 424 422 563
413 422 549 563
413 549 550 563
422 549 563 562
413 415 564 551
413 564 424 563
413 550 551 563
564 551 565 563
413 551 564 563
416 417 426 557
416 426 425 566
416 556 557 566
426 557 567 566
416 557 426 566
417 418 426 557
418 427 426 568
418 426 557 568
418 557 558 568
426 557 568 567
418 419 428 559
418 428 427 568
418 558 559 568
428 559 569 568
418 559 428 568
419 420 428 559
420 429 428 570
420 428 559 570
420 559 560 570
428 559 570 569
420 421 430 561
420 430 429 570
420 560 561 570
430 561 571 570
420 561 430 570
421 422 430 561
422 432 430 572
422 430 561 572
422 561 562 572
430 561 572 571
422 424 573 563
422 573 432 572
422 562 563 572
573 563 574 572
422 563 573 572
425 426 434 566
426 435 434 576
426 434 566 576
426 566 567 576
434 566 576 575
426 427 436 568
426 436 435 576
426 567 568 576
436 568 577 576
426 568 436 576
427 428 436 568
428 437 436 578
428 436 568 578
428 568 569 578
436 568 578 577
428 429 438 570
428 438 437 578
428 569 570 578
438 570 579 578
428 570 438 578
429 430 438 570
430 439 438 580
430 438 570 580
430 570 571 580
438 570 580 579
430 432 581 572
430 581 439 580
430 571 572 580
581 572 582 580
430 572 581 580
435 436 441 576
436 442 441 584
436 441 576 584
436 576 577 584
441 576 584 583
436 437 443 578
436 443 442 584
436 577 578 584
443 578 585 584
436 578 443 584
437 438 443 578
438 444 443 586
438 443 578 586
438 578 579 586
443 578 586 585
438 439 446 580
438 446 444 586
438 579 580 586
446 580 587 586
438 580 446 586
439 581 446 580
581 588 446 589
581 446 580 589
581 580 582 589
446 580 589 587
442 443 449 584
443 450 449 591
443 449 584 591
443 584 585 591
449 584 591 590
443 444 452 586
443 452 450 591
443 585 586 591
452 586 592 591
443 586 452 591
444 446 452 586
446 593 452 594
446 452 586 594
446 586 587 594
452 586 594 592
446 588 595 589
446 595 593 594
446 587 589 594
595 589 596 594
446 589 595 594
597 598 462 600
597 462 460 601
597 599 600 601
462 600 602 601
597 600 462 601
598 603 462 600
603 464 462 605
603 462 600 605
603 600 604 605
462 600 605 602
603 606 466 607
603 466 464 605
603 604 607 605
466 607 608 605
603 607 466 605
455 456 457 609
456 458 457 612
456 457 609 612
456 609 610 612
457 609 612 611
456 460 461 601
456 461 458 612
456 610 601 612
461 601 613 612
456 601 461 612
460 462 461 601
462 463 461 614
462 461 601 614
462 601 602 614
461 601 614 613
462 464 465 605
462 465 463 614
462 602 605 614
465 605 615 614
462 605 465 614
464 466 465 605
466 467 465 616
466 465 605 616
466 605 608 616
465 605 616 615
466 470 471 617
466 471 467 616
466 608 617 616
471 617 618 616
466 617 471 616
470 619 471 617
619 620 471 622
619 471 617 622
619 617 621 622
471 617 622 618
473 457 474 623
457 475 474 625
457 474 623 625
457 623 611 625
474 623 625 624
457 458 476 612
457 476 475 625
457 611 612 625
476 612 626 625
457 612 476 625
458 461 476 612
461 477 476 627
461 476 612 627
461 612 613 627
476 612 627 626
461 463 478 614
461 478 477 627
461 613 614 627
478 614 628 627
461 614 478 627
463 465 478 614
465 479 478 629
465 478 614 629
465 614 615 629
478 614 629 628
465 467 480 616
465 480 479 629
465 615 616 629
480 616 630 629
465 616 480 629
467 471 480 616
471 482 480 631
471 480 616 631
471 616 618 631
480 616 631 630
471 620 632 622
471 632 482 631
471 618 622 631
632 622 633 631
471 622 632 631
484 474 485 634
474 486 485 636
474 485 634 636
474 634 624 636
485 634 636 635
474 475 487 625
474 487 486 636
474 624 625 636
487 625 637 636
474 625 487 636
475 476 487 625
476 488 487 638
476 487 625 638
476 625 626 638
487 625 638 637
476 477 489 627
476 489 488 638
476 626 627 638
489 627 639 638
476 627 489 638
477 478 489 627
478 490 489 640
478 489 627 640
478 627 628 640
489 627 640 639
478 479 491 629
478 491 490 640
478 628 629 640
491 629 641 640
478 629 491 640
479 480 491 629
480 493 491 642
480 491 629 642
480 629 630 642
491 629 642 641
480 482 643 631
480 643 493 642
480 630 631 642
643 631 644 642
480 631 643 642
482 632 643 631
632 645 643 646
632 643 631 646
632 631 633 646
643 631 646 644
495 485 496 647
485 497 496 649
485 496 647 649
485 647 635 649
496 647 649 648
485 486 498 636
485 498 497 649
485 635 636 649
498 636 650 649
485 636 498 649
486 487 498 636
487 499 498 651
487 498 636 651
487 636 637 651
498 636 651 650
487 488 500 638
487 500 499 651
487 637 638 651
500 638 652 651
487 638 500 651
488 489 500 638
489 501 500 653
489 500 638 653
489 638 639 653
500 638 653 652
489 490 502 640
489 502 501 653
489 639 640 653
502 640 654 653
489 640 502 653
490 491 502 640
491 503 502 655
491 502 640 655
491 640 641 655
502 640 655 654
491 493 505 642
491 505 503 655
491 641 642 655
505 642 656 655
491 642 505 655
493 643 505 642
643 657 505 658
643 505 642 658
643 642 644 658
505 642 658 656
643 645 659 646
643 659 657 658
643 644 646 658
659 646 660 658
643 646 659 658
496 497 507 649
496 507 506 661
496 648 649 661
507 649 662 661
496 649 507 661
497 498 507 649
498 508 507 663
498 507 649 663
498 649 650 663
507 649 663 662
498 499 509 651
498 509 508 663
498 650 651 663
509 651 664 663
498 651 509 663
499 500 509 651
500 510 509 665
500 509 651 665
500 651 652 665
509 651 665 664
500 501 511 653
500 511 510 665
500 652 653 665
511 653 666 665
500 653 511 665
501 502 511 653
502 512 511 667
502 511 653 667
502 653 654 667
511 653 667 666
502 503 513 655
502 513 512 667
502 654 655 667
513 655 668 667
502 655 513 667
503 505 513 655
505 514 513 669
505 513 655 669
505 655 656 669
513 655 669 668
505 657 526 658
505 526 514 669
505 656 658 669
526 658 670 669
505 658 526 669
506 507 515 661
507 516 515 672
507 515 661 672
507 661 662 672
515 661 672 671
507 508 517 663
507 517 516 672
507 662 663 672
517 663 673 672
507 663 517 672
508 509 517 663
509 518 517 674
509 517 663 674
509 663 664 674
517 663 674 673
509 510 519 665
509 519 518 674
509 664 665 674
519 665 675 674
509 665 519 674
510 511 519 665
511 520 519 676
511 519 665 676
511 665 666 676
519 665 676 675
511 512 521 667
511 521 520 676
511 666 667 676
521 667 677 676
511 667 521 676
512 513 521 667
513 522 521 678
513 521 667 678
513 667 668 678
521 667 678 677
513 514 523 669
513 523 522 678
513 668 669 678
523 669 679 678
513 669 523 678
514 526 523 669
526 527 523 680
526 523 669 680
526 669 670 680
523 669 680 679
526 681 541 682
526 541 527 680
526 670 682 680
541 682 683 680
526 682 541 680
515 516 529 672
515 529 528 684
515 671 672 684
529 672 685 684
515 672 529 684
516 517 529 672
517 530 529 686
517 529 672 686
517 672 673 686
529 672 686 685
517 518 531 674
517 531 530 686
517 673 674 686
531 674 687 686
517 674 531 686
518 519 531 674
519 532 531 688
519 531 674 688
519 674 675 688
531 674 688 687
519 520 533 676
519 533 532 688
519 675 676 688
533 676 689 688
519 676 533 688
520 521 533 676
521 534 533 690
521 533 676 690
521 676 677 690
533 676 690 689
521 522 535 678
521 535 534 690
521 677 678 690
535 678 691 690
521 678 535 690
522 523 535 678
523 536 535 692
523 535 678 692
523 678 679 692
535 678 692 691
523 527 538 680
523 538 536 692
523 679 680 692
538 680 693 692
523 680 538 692
527 541 538 680
541 542 538 694
541 538 680 694
541 680 683 694
538 680 694 693
541 695 696 697
541 696 542 694
541 683 697 694
696 697 698 694
541 697 696 694
699 528 543 684
699 543 700 702
699 701 684 702
543 684 703 702
699 684 543 702
528 529 543 684
529 544 543 704
529 543 684 704
529 684 685 704
543 684 704 703
529 530 545 686
529 545 544 704
529 685 686 704
545 686 705 704
529 686 545 704
530 531 545 686
531 546 545 706
531 545 686 706
531 686 687 706
545 686 706 705
531 532 547 688
531 547 546 706
531 687 688 706
547 688 707 706
531 688 547 706
532 533 547 688
533 548 547 708
533 547 688 708
533 688 689 708
547 688 708 707
533 534 549 690
533 549 548 708
533 689 690 708
549 690 709 708
533 690 549 708
534 535 549 690
535 550 549 710
535 549 690 710
535 690 691 710
549 690 710 709
535 536 551 692
535 551 550 710
535 691 692 710
551 692 711 710
535 692 551 710
536 538 551 692
538 553 551 712
538 551 692 712
538 692 693 712
551 692 712 711
538 542 555 694
538 555 553 712
538 693 694 712
555 694 713 712
538 694 555 712
542 696 555 694
696 714 555 715
696 555 694 715
696 694 698 715
555 694 715 713
543 544 557 704
543 557 556 716
543 703 704 716
557 704 717 716
543 704 557 716
544 545 557 704
545 558 557 718
545 557 704 718
545 704 705 718
557 704 718 717
545 546 559 706
545 559 558 718
545 705 706 718
559 706 719 718
545 706 559 718
546 547 559 706
547 560 559 720
547 559 706 720
547 706 707 720
559 706 720 719
547 548 561 708
547 561 560 720
547 707 708 720
561 708 721 720
547 708 561 720
548 549 561 708
549 562 561 722
549 561 708 722
549 708 709 722
561 708 722 721
549 550 563 710
549 563 562 722
549 709 710 722
563 710 723 722
549 710 563 722
550 551 563 710
551 565 563 724
551 563 710 724
551 710 711 724
563 710 724 723
551 553 725 712
551 725 565 724
551 711 712 724
725 712 726 724
551 712 725 724
553 555 725 712
555 727 725 728
555 725 712 728
555 712 713 728
725 712 728 726
556 557 566 716
557 567 566 730
557 566 716 730
557 716 717 730
566 716 730 729
557 558 568 718
557 568 567 730
557 717 718 730
568 718 731 730
557 718 568 730
558 559 568 718
559 569 568 732
559 568 718 732
559 718 719 732
568 718 732 731
559 560 570 720
559 570 569 732
559 719 720 732
570 720 733 732
559 720 570 732
560 561 570 720
561 571 570 734
561 570 720 734
561 720 721 734
570 720 734 733
561 562 572 722
561 572 571 734
561 721 722 734
572 722 735 734
561 722 572 734
562 563 572 722
563 574 572 736
563 572 722 736
563 722 723 736
572 722 736 735
563 565 737 724
563 737 574 736
563 723 724 736
737 724 738 736
563 724 737 736
566 567 576 730
566 576 575 739
566 729 730 739
576 730 740 739
566 730 576 739
567 568 576 730
568 577 576 741
568 576 730 741
568 730 731 741
576 730 741 740
568 569 578 732
568 578 577 741
568 731 732 741
578 732 742 741
568 732 578 741
569 570 578 732
570 579 578 743
570 578 732 743
570 732 733 743
578 732 743 742
570 571 580 734
570 580 579 743
570 733 734 743
580 734 744 743
570 734 580 743
571 572 580 734
572 582 580 745
572 580 734 745
572 734 735 745
580 734 745 744
572 574 746 736
572 746 582 745
572 735 736 745
746 736 747 745
572 736 746 745
574 737 746 736
737 748 746 749
737 746 736 749
737 736 738 749
746 736 749 747
576 577 584 741
576 584 583 750
576 740 741 750
584 741 751 750
576 741 584 750
577 578 584 741
578 585 584 752
578 584 741 752
578 741 742 752
584 741 752 751
578 579 586 743
578 586 585 752
578 742 743 752
586 743 753 752
578 743 586 752
579 580 586 743
580 587 586 754
580 586 743 754
580 743 744 754
586 743 754 753
580 582 589 745
580 589 587 754
580 744 745 754
589 745 755 754
580 745 589 754
582 746 589 745
746 756 589 757
746 589 745 757
746 745 747 757
589 745 757 755
746 748 758 749
746 758 756 757
746 747 749 757
758 749 759 757
746 749 758 757
584 585 591 752
584 591 590 760
584 751 752 760
591 752 761 760
584 752 591 760
585 586 591 752
586 592 591 762
586 591 752 762
586 752 753 762
591 752 762 761
586 587 594 754
586 594 592 762
586 753 754 762
594 754 763 762
586 754 594 762
587 589 594 754
589 596 594 764
589 594 754 764
589 754 755 764
594 754 764 763
589 756 765 757
589 765 596 764
589 755 757 764
765 757 766 764
589 757 765 764
767 599 601 769
767 601 610 770
767 768 769 770
601 769 771 770
767 769 601 770
599 600 601 769
600 602 601 773
600 601 769 773
600 769 772 773
601 769 773 771
600 604 605 774
600 605 602 773
600 772 774 773
605 774 775 773
600 774 605 773
604 607 605 774
607 608 605 777
607 605 774 777
607 774 776 777
605 774 777 775
607 778 617 779
607 617 608 777
607 776 779 777
617 779 780 777
607 779 617 777
778 781 617 779
781 621 617 783
781 617 779 783
781 779 782 783
617 779 783 780
609 610 612 770
609 612 611 785
609 784 770 785
612 770 786 785
609 770 612 785
610 601 612 770
601 613 612 787
601 612 770 787
601 770 771 787
612 770 787 786
601 602 614 773
601 614 613 787
601 771 773 787
614 773 788 787
601 773 614 787
602 605 614 773
605 615 614 789
605 614 773 789
605 773 775 789
614 773 789 788
605 608 616 777
605 616 615 789
605 775 777 789
616 777 790 789
605 777 616 789
608 617 616 777
617 618 616 791
617 616 777 791
617 777 780 791
616 777 791 790
617 621 622 783
617 622 618 791
617 780 783 791
622 783 792 791
617 783 622 791
621 793 622 783
793 794 622 796
793 622 783 796
793 783 795 796
622 783 796 792
793 797 798 799
793 798 794 796
793 795 799 796
798 799 800 796
793 799 798 796
797 801 798 799
801 802 798 804
801 798 799 804
801 799 803 804
798 799 804 800
623 611 625 785
623 625 624 806
623 805 785 806
625 785 807 806
623 785 625 806
611 612 625 785
612 626 625 808
612 625 785 808
612 785 786 808
625 785 808 807
612 613 627 787
612 627 626 808
612 786 787 808
627 787 809 808
612 787 627 808
613 614 627 787
614 628 627 810
614 627 787 810
614 787 788 810
627 787 810 809
614 615 629 789
614 629 628 810
614 788 789 810
629 789 811 810
614 789 629 810
615 616 629 789
616 630 629 812
616 629 789 812
616 789 790 812
629 789 812 811
616 618 631 791
616 631 630 812
616 790 791 812
631 791 813 812
616 791 631 812
618 622 631 791
622 633 631 814
622 631 791 814
622 791 792 814
631 791 814 813
622 794 815 796
622 815 633 814
622 792 796 814
815 796 816 814
622 796 815 814
794 798 815 796
798 817 815 818
798 815 796 818
798 796 800 818
815 796 818 816
798 802 819 804
798 819 817 818
798 800 804 818
819 804 820 818
798 804 819 818
634 624 636 806
634 636 635 822
634 821 806 822
636 806 823 822
634 806 636 822
624 625 636 806
625 637 636 824
625 636 806 824
625 806 807 824
636 806 824 823
625 626 638 808
625 638 637 824
625 807 808 824
638 808 825 824
625 808 638 824
626 627 638 808
627 639 638 826
627 638 808 826
627 808 809 826
638 808 826 825
627 628 640 810
627 640 639 826
627 809 810 826
640 810 827 826
627 810 640 826
628 629 640 810
629 641 640 828
629 640 810 828
629 810 811 828
640 810 828 827
629 630 642 812
629 642 641 828
629 811 812 828
642 812 829 828
629 812 642 828
630 631 642 812
631 644 642 830
631 642 812 830
631 812 813 830
642 812 830 829
631 633 646 814
631 646 644 830
631 813 814 830
646 814 831 830
631 814 646 830
647 635 649 822
647 649 648 833
647 832 822 833
649 822 834 833
647 822 649 833
635 636 649 822
636 650 649 835
636 649 822 835
636 822 823 835
649 822 835 834
636 637 651 824
636 651 650 835
636 823 824 835
651 824 836 835
636 824 651 835
637 638 651 824
638 652 651 837
638 651 824 837
638 824 825 837
651 824 837 836
638 639 653 826
638 653 652 837
638 825 826 837
653 826 838 837
638 826 653 837
639 640 653 826
640 654 653 839
640 653 826 839
640 826 827 839
653 826 839 838
640 641 655 828
640 655 654 839
640 827 828 839
655 828 840 839
640 828 655 839
641 642 655 828
642 656 655 841
642 655 828 841
642 828 829 841
655 828 841 840
642 644 658 830
642 658 656 841
642 829 830 841
658 830 842 841
642 830 658 841
644 646 658 830
646 660 658 843
646 658 830 843
646 830 831 843
658 830 843 842
648 649 661 833
649 662 661 845
649 661 833 845
649 833 834 845
661 833 845 844
649 650 663 835
649 663 662 845
649 834 835 845
663 835 846 845
649 835 663 845
650 651 663 835
651 664 663 847
651 663 835 847
651 835 836 847
663 835 847 846
651 652 665 837
651 665 664 847
651 836 837 847
665 837 848 847
651 837 665 847
652 653 665 837
653 666 665 849
653 665 837 849
653 837 838 849
665 837 849 848
653 654 667 839
653 667 666 849
653 838 839 849
667 839 850 849
653 839 667 849
654 655 667 839
655 668 667 851
655 667 839 851
655 839 840 851
667 839 851 850
655 656 669 841
655 669 668 851
655 840 841 851
669 841 852 851
655 841 669 851
656 658 669 841
658 670 669 853
658 669 841 853
658 841 842 853
669 841 853 852
658 660 682 843
658 682 670 853
658 842 843 853
682 843 854 853
658 843 682 853
661 662 672 845
661 672 671 855
661 844 845 855
672 845 856 855
661 845 672 855
662 663 672 845
663 673 672 857
663 672 845 857
663 845 846 857
672 845 857 856
663 664 674 847
663 674 673 857
663 846 847 857
674 847 858 857
663 847 674 857
664 665 674 847
665 675 674 859
665 674 847 859
665 847 848 859
674 847 859 858
665 666 676 849
665 676 675 859
665 848 849 859
676 849 860 859
665 849 676 859
666 667 676 849
667 677 676 861
667 676 849 861
667 849 850 861
676 849 861 860
667 668 678 851
667 678 677 861
667 850 851 861
678 851 862 861
667 851 678 861
668 669 678 851
669 679 678 863
669 678 851 863
669 851 852 863
678 851 863 862
669 670 680 853
669 680 679 863
669 852 853 863
680 853 864 863
669 853 680 863
670 682 680 853
682 683 680 865
682 680 853 865
682 853 854 865
680 853 865 864
682 866 697 867
682 697 683 865
682 854 867 865
697 867 868 865
682 867 697 865
866 869 697 867
869 870 697 872
869 697 867 872
869 867 871 872
697 867 872 868
671 672 684 855
672 685 684 874
672 684 855 874
672 855 856 874
684 855 874 873
672 673 686 857
672 686 685 874
672 856 857 874
686 857 875 874
672 857 686 874
673 674 686 857
674 687 686 876
674 686 857 876
674 857 858 876
686 857 876 875
674 675 688 859
674 688 687 876
674 858 859 876
688 859 877 876
674 859 688 876
675 676 688 859
676 689 688 878
676 688 859 878
676 859 860 878
688 859 878 877
676 677 690 861
676 690 689 878
676 860 861 878
690 861 879 878
676 861 690 878
677 678 690 861
678 691 690 880
678 690 861 880
678 861 862 880
690 861 880 879
678 679 692 863
678 692 691 880
678 862 863 880
692 863 881 880
678 863 692 880
679 680 692 863
680 693 692 882
680 692 863 882
680 863 864 882
692 863 882 881
680 683 694 865
680 694 693 882
680 864 865 882
694 865 883 882
680 865 694 882
683 697 694 865
697 698 694 884
697 694 865 884
697 865 868 884
694 865 884 883
697 870 885 872
697 885 698 884
697 868 872 884
885 872 886 884
697 872 885 884
701 684 702 887
684 703 702 889
684 702 887 889
684 887 873 889
702 887 889 888
684 685 704 874
684 704 703 889
684 873 874 889
704 874 890 889
684 874 704 889
685 686 704 874
686 705 704 891
686 704 874 891
686 874 875 891
704 874 891 890
686 687 706 876
686 706 705 891
686 875 876 891
706 876 892 891
686 876 706 891
687 688 706 876
688 707 706 893
688 706 876 893
688 876 877 893
706 876 893 892
688 689 708 878
688 708 707 893
688 877 878 893
708 878 894 893
688 878 708 893
689 690 708 878
690 709 708 895
690 708 878 895
690 878 879 895
708 878 895 894
690 691 710 880
690 710 709 895
690 879 880 895
710 880 896 895
690 880 710 895
691 692 710 880
692 711 710 897
692 710 880 897
692 880 881 897
710 880 897 896
692 693 712 882
692 712 711 897
692 881 882 897
712 882 898 897
692 882 712 897
693 694 712 882
694 713 712 899
694 712 882 899
694 882 883 899
712 882 899 898
694 698 715 884
694 715 713 899
694 883 884 899
715 884 900 899
694 884 715 899
698 885 715 884
885 901 715 902
885 715 884 902
885 884 886 902
715 884 902 900
702 703 716 889
702 716 903 904
702 888 889 904
716 889 905 904
702 889 716 904
703 704 716 889
704 717 716 906
704 716 889 906
704 889 890 906
716 889 906 905
704 705 718 891
704 718 717 906
704 890 891 906
718 891 907 906
704 891 718 906
705 706 718 891
706 719 718 908
706 718 891 908
706 891 892 908
718 891 908 907
706 707 720 893
706 720 719 908
706 892 893 908
720 893 909 908
706 893 720 908
707 708 720 893
708 721 720 910
708 720 893 910
708 893 894 910
720 893 910 909
708 709 722 895
708 722 721 910
708 894 895 910
722 895 911 910
708 895 722 910
709 710 722 895
710 723 722 912
710 722 895 912
710 895 896 912
722 895 912 911
710 711 724 897
710 724 723 912
710 896 897 912
724 897 913 912
710 897 724 912
711 712 724 897
712 726 724 914
712 724 897 914
712 897 898 914
724 897 914 913
712 713 728 899
712 728 726 914
712 898 899 914
728 899 915 914
712 899 728 914
713 715 728 899
715 916 728 917
715 728 899 917
715 899 900 917
728 899 917 915
716 717 730 906
716 730 729 918
716 905 906 918
730 906 919 918
716 906 730 918
717 718 730 906
718 731 730 920
718 730 906 920
718 906 907 920
730 906 920 919
718 719 732 908
718 732 731 920
718 907 908 920
732 908 921 920
718 908 732 920
719 720 732 908
720 733 732 922
720 732 908 922
720 908 909 922
732 908 922 921
720 721 734 910
720 734 733 922
720 909 910 922
734 910 923 922
720 910 734 922
721 722 734 910
722 735 734 924
722 734 910 924
722 910 911 924
734 910 924 923
722 723 736 912
722 736 735 924
722 911 912 924
736 912 925 924
722 912 736 924
723 724 736 912
724 738 736 926
724 736 912 926
724 912 913 926
736 912 926 925
724 726 927 914
724 927 738 926
724 913 914 926
927 914 928 926
724 914 927 926
729 730 739 918
730 740 739 930
730 739 918 930
730 918 919 930
739 918 930 929
730 731 741 920
730 741 740 930
730 919 920 930
741 920 931 930
730 920 741 930
731 732 741 920
732 742 741 932
732 741 920 932
732 920 921 932
741 920 932 931
732 733 743 922
732 743 742 932
732 921 922 932
743 922 933 932
732 922 743 932
733 734 743 922
734 744 743 934
734 743 922 934
734 922 923 934
743 922 934 933
734 735 745 924
734 745 744 934
734 923 924 934
745 924 935 934
734 924 745 934
735 736 745 924
736 747 745 936
736 745 924 936
736 924 925 936
745 924 936 935
736 738 749 926
736 749 747 936
736 925 926 936
749 926 937 936
736 926 749 936
738 927 749 926
927 938 749 939
927 749 926 939
927 926 928 939
749 926 939 937
740 741 750 930
741 751 750 941
741 750 930 941
741 930 931 941
750 930 941 940
741 742 752 932
741 752 751 941
741 931 932 941
752 932 942 941
741 932 752 941
742 743 752 932
743 753 752 943
743 752 932 943
743 932 933 943
752 932 943 942
743 744 754 934
743 754 753 943
743 933 934 943
754 934 944 943
743 934 754 943
744 745 754 934
745 755 754 945
745 754 934 945
745 934 935 945
754 934 945 944
745 747 757 936
745 757 755 945
745 935 936 945
757 936 946 945
745 936 757 945
747 749 757 936
749 759 757 947
749 757 936 947
749 936 937 947
757 936 947 946
751 752 760 941
752 761 760 949
752 760 941 949
752 941 942 949
760 941 949 948
752 753 762 943
752 762 761 949
752 942 943 949
762 943 950 949
752 943 762 949
753 754 762 943
754 763 762 951
754 762 943 951
754 943 944 951
762 943 951 950
754 755 764 945
754 764 763 951
754 944 945 951
764 945 952 951
754 945 764 951
755 757 764 945
757 766 764 953
757 764 945 953
757 945 946 953
764 945 953 952
768 769 770 954
769 771 770 957
769 770 954 957
769 954 955 957
770 954 957 956
769 772 773 958
769 773 771 957
769 955 958 957
773 958 959 957
769 958 773 957
772 774 773 958
774 775 773 961
774 773 958 961
774 958 960 961
773 958 961 959
774 776 777 962
774 777 775 961
774 960 962 961
777 962 963 961
774 962 777 961
776 779 777 962
779 780 777 965
779 777 962 965
779 962 964 965
777 962 965 963
779 782 783 966
779 783 780 965
779 964 966 965
783 966 967 965
779 966 783 965
784 770 785 968
770 786 785 970
770 785 968 970
770 968 956 970
785 968 970 969
770 771 787 957
770 787 786 970
770 956 957 970
787 957 971 970
770 957 787 970
771 773 787 957
773 788 787 972
773 787 957 972
773 957 959 972
787 957 972 971
773 775 789 961
773 789 788 972
773 959 961 972
789 961 973 972
773 961 789 972
775 777 789 961
777 790 789 974
777 789 961 974
777 961 963 974
789 961 974 973
777 780 791 965
777 791 790 974
777 963 965 974
791 965 975 974
777 965 791 974
780 783 791 965
783 792 791 976
783 791 965 976
783 965 967 976
791 965 976 975
783 795 796 977
783 796 792 976
783 967 977 976
796 977 978 976
783 977 796 976
795 799 796 977
799 800 796 980
799 796 977 980
799 977 979 980
796 977 980 978
799 803 804 981
799 804 800 980
799 979 981 980
804 981 982 980
799 981 804 980
803 983 804 981
983 984 804 986
983 804 981 986
983 981 985 986
804 981 986 982
983 987 988 989
983 988 984 986
983 985 989 986
988 989 990 986
983 989 988 986
987 991 988 989
991 992 988 994
991 988 989 994
991 989 993 994
988 989 994 990
805 785 806 995
785 807 806 997
785 806 995 997
785 995 969 997
806 995 997 996
785 786 808 970
785 808 807 997
785 969 970 997
808 970 998 997
785 970 808 997
786 787 808 970
787 809 808 999
787 808 970 999
787 970 971 999
808 970 999 998
787 788 810 972
787 810 809 999
787 971 972 999
810 972 1000 999
787 972 810 999
788 789 810 972
789 811 810 1001
789 810 972 1001
789 972 973 1001
810 972 1001 1000
789 790 812 974
789 812 811 1001
789 973 974 1001
812 974 1002 1001
789 974 812 1001
790 791 812 974
791 813 812 1003
791 812 974 1003
791 974 975 1003
812 974 1003 1002
791 792 814 976
791 814 813 1003
791 975 976 1003
814 976 1004 1003
791 976 814 1003
792 796 814 976
796 816 814 1005
796 814 976 1005
796 976 978 1005
814 976 1005 1004
796 800 818 980
796 818 816 1005
796 978 980 1005
818 980 1006 1005
796 980 818 1005
800 804 818 980
804 820 818 1007
804 818 980 1007
804 980 982 1007
818 980 1007 1006
804 984 1008 986
804 1008 820 1007
804 982 986 1007
1008 986 1009 1007
804 986 1008 1007
984 988 1008 986
988 1010 1008 1011
988 1008 986 1011
988 986 990 1011
1008 986 1011 1009
821 806 822 1012
806 823 822 1014
806 822 1012 1014
806 1012 996 1014
822 1012 1014 1013
806 807 824 997
806 824 823 1014
806 996 997 1014
824 997 1015 1014
806 997 824 1014
807 808 824 997
808 825 824 1016
808 824 997 1016
808 997 998 1016
824 997 1016 1015
808 809 826 999
808 826 825 1016
808 998 999 1016
826 999 1017 1016
808 999 826 1016
809 810 826 999
810 827 826 1018
810 826 999 1018
810 999 1000 1018
826 999 1018 1017
810 811 828 1001
810 828 827 1018
810 1000 1001 1018
828 1001 1019 1018
810 1001 828 1018
811 812 828 1001
812 829 828 1020
812 828 1001 1020
812 1001 1002 1020
828 1001 1020 1019
812 813 830 1003
812 830 829 1020
812 1002 1003 1020
830 1003 1021 1020
812 1003 830 1020
813 814 830 1003
814 831 830 1022
814 830 1003 1022
814 1003 1004 1022
830 1003 1022 1021
814 816 1023 1005
814 1023 831 1022
814 1004 1005 1022
1023 1005 1024 1022
814 1005 1023 1022
816 818 1023 1005
818 1025 1023 1026
818 1023 1005 1026
818 1005 1006 1026
1023 1005 1026 1024
818 820 1027 1007
818 1027 1025 1026
818 1006 1007 1026
1027 1007 1028 1026
818 1007 1027 1026
832 822 833 1029
822 834 833 1031
822 833 1029 1031
822 1029 1013 1031
833 1029 1031 1030
822 823 835 1014
822 835 834 1031
822 1013 1014 1031
835 1014 1032 1031
822 1014 835 1031
823 824 835 1014
824 836 835 1033
824 835 1014 1033
824 1014 1015 1033
835 1014 1033 1032
824 825 837 1016
824 837 836 1033
824 1015 1016 1033
837 1016 1034 1033
824 1016 837 1033
825 826 837 1016
826 838 837 1035
826 837 1016 1035
826 1016 1017 1035
837 1016 1035 1034
826 827 839 1018
826 839 838 1035
826 1017 1018 1035
839 1018 1036 1035
826 1018 839 1035
827 828 839 1018
828 840 839 1037
828 839 1018 1037
828 1018 1019 1037
839 1018 1037 1036
828 829 841 1020
828 841 840 1037
828 1019 1020 1037
841 1020 1038 1037
828 1020 841 1037
829 830 841 1020
830 842 841 1039
830 841 1020 1039
830 1020 1021 1039
841 1020 1039 1038
830 831 843 1022
830 843 842 1039
830 1021 1022 1039
843 1022 1040 1039
830 1022 843 1039
831 1023 843 1022
1023 1041 843 1042
1023 843 1022 1042
1023 1022 1024 1042
843 1022 1042 1040
1023 1025 1043 1026
1023 1043 1041 1042
1023 1024 1026 1042
1043 1026 1044 1042
1023 1026 1043 1042
1025 1027 1043 1026
1027 1045 1043 1046
1027 1043 1026 1046
1027 1026 1028 1046
1043 1026 1046 1044
833 834 845 1031
833 845 844 1047
833 1030 1031 1047
845 1031 1048 1047
833 1031 845 1047
834 835 845 1031
835 846 845 1049
835 845 1031 1049
835 1031 1032 1049
845 1031 1049 1048
835 836 847 1033
835 847 846 1049
835 1032 1033 1049
847 1033 1050 1049
835 1033 847 1049
836 837 847 1033
837 848 847 1051
837 847 1033 1051
837 1033 1034 1051
847 1033 1051 1050
837 838 849 1035
837 849 848 1051
837 1034 1035 1051
849 1035 1052 1051
837 1035 849 1051
838 839 849 1035
839 850 849 1053
839 849 1035 1053
839 1035 1036 1053
849 1035 1053 1052
839 840 851 1037
839 851 850 1053
839 1036 1037 1053
851 1037 1054 1053
839 1037 851 1053
840 841 851 1037
841 852 851 1055
841 851 1037 1055
841 1037 1038 1055
851 1037 1055 1054
841 842 853 1039
841 853 852 1055
841 1038 1039 1055
853 1039 1056 1055
841 1039 853 1055
842 843 853 1039
843 854 853 1057
843 853 1039 1057
843 1039 1040 1057
853 1039 1057 1056
843 1041 867 1042
843 867 854 1057
843 1040 1042 1057
867 1042 1058 1057
843 1042 867 1057
1041 1043 867 1042
1043 871 867 1059
1043 867 1042 1059
1043 1042 1044 1059
867 1042 1059 1058
1043 1045 1060 1046
1043 1060 871 1059
1043 1044 1046 1059
1060 1046 1061 1059
1043 1046 1060 1059
1045 1062 1060 1046
1062 1063 1060 1065
1062 1060 1046 1065
1062 1046 1064 1065
1060 1046 1065 1061
844 845 855 1047
845 856 855 1067
845 855 1047 1067
845 1047 1048 1067
855 1047 1067 1066
845 846 857 1049
845 857 856 1067
845 1048 1049 1067
857 1049 1068 1067
845 1049 857 1067
846 847 857 1049
847 858 857 1069
847 857 1049 1069
847 1049 1050 1069
857 1049 1069 1068
847 848 859 1051
847 859 858 1069
847 1050 1051 1069
859 1051 1070 1069
847 1051 859 1069
848 849 859 1051
849 860 859 1071
849 859 1051 1071
849 1051 1052 1071
859 1051 1071 1070
849 850 861 1053
849 861 860 1071
849 1052 1053 1071
861 1053 1072 1071
849 1053 861 1071
850 851 861 1053
851 862 861 1073
851 861 1053 1073
851 1053 1054 1073
861 1053 1073 1072
851 852 863 1055
851 863 862 1073
851 1054 1055 1073
863 1055 1074 1073
851 1055 863 1073
852 853 863 1055
853 864 863 1075
853 863 1055 1075
853 1055 1056 1075
863 1055 1075 1074
853 854 865 1057
853 865 864 1075
853 1056 1057 1075
865 1057 1076 1075
853 1057 865 1075
854 867 865 1057
867 868 865 1077
867 865 1057 1077
867 1057 1058 1077
865 1057 1077 1076
867 871 872 1059
867 872 868 1077
867 1058 1059 1077
872 1059 1078 1077
867 1059 872 1077
871 1060 872 1059
1060 1079 872 1080
1060 872 1059 1080
1060 1059 1061 1080
872 1059 1080 1078
855 856 874 1067
855 874 873 1081
855 1066 1067 1081
874 1067 1082 1081
855 1067 874 1081
856 857 874 1067
857 875 874 1083
857 874 1067 1083
857 1067 1068 1083
874 1067 1083 1082
857 858 876 1069
857 876 875 1083
857 1068 1069 1083
876 1069 1084 1083
857 1069 876 1083
858 859 876 1069
859 877 876 1085
859 876 1069 1085
859 1069 1070 1085
876 1069 1085 1084
859 860 878 1071
859 878 877 1085
859 1070 1071 1085
878 1071 1086 1085
859 1071 878 1085
860 861 878 1071
861 879 878 1087
861 878 1071 1087
861 1071 1072 1087
878 1071 1087 1086
861 862 880 1073
861 880 879 1087
861 1072 1073 1087
880 1073 1088 1087
861 1073 880 1087
862 863 880 1073
863 881 880 1089
863 880 1073 1089
863 1073 1074 1089
880 1073 1089 1088
863 864 882 1075
863 882 881 1089
863 1074 1075 1089
882 1075 1090 1089
863 1075 882 1089
864 865 882 1075
865 883 882 1091
865 882 1075 1091
865 1075 1076 1091
882 1075 1091 1090
865 868 884 1077
865 884 883 1091
865 1076 1077 1091
884 1077 1092 1091
865 1077 884 1091
868 872 884 1077
872 886 884 1093
872 884 1077 1093
872 1077 1078 1093
884 1077 1093 1092
872 1079 1094 1080
872 1094 886 1093
872 1078 1080 1093
1094 1080 1095 1093
872 1080 1094 1093
873 874 889 1081
874 890 889 1097
874 889 1081 1097
874 1081 1082 1097
889 1081 1097 1096
874 875 891 1083
874 891 890 1097
874 1082 1083 1097
891 1083 1098 1097
874 1083 891 1097
875 876 891 1083
876 892 891 1099
876 891 1083 1099
876 1083 1084 1099
891 1083 1099 1098
876 877 893 1085
876 893 892 1099
876 1084 1085 1099
893 1085 1100 1099
876 1085 893 1099
877 878 893 1085
878 894 893 1101
878 893 1085 1101
878 1085 1086 1101
893 1085 1101 1100
878 879 895 1087
878 895 894 1101
878 1086 1087 1101
895 1087 1102 1101
878 1087 895 1101
879 880 895 1087
880 896 895 1103
880 895 1087 1103
880 1087 1088 1103
895 1087 1103 1102
880 881 897 1089
880 897 896 1103
880 1088 1089 1103
897 1089 1104 1103
880 1089 897 1103
881 882 897 1089
882 898 897 1105
882 897 1089 1105
882 1089 1090 1105
897 1089 1105 1104
882 883 899 1091
882 899 898 1105
882 1090 1091 1105
899 1091 1106 1105
882 1091 899 1105
883 884 899 1091
884 900 899 1107
884 899 1091 1107
884 1091 1092 1107
899 1091 1107 1106
884 886 902 1093
884 902 900 1107
884 1092 1093 1107
902 1093 1108 1107
884 1093 902 1107
889 890 906 1097
889 906 905 1109
889 1096 1097 1109
906 1097 1110 1109
889 1097 906 1109
890 891 906 1097
891 907 906 1111
891 906 1097 1111
891 1097 1098 1111
906 1097 1111 1110
891 892 908 1099
891 908 907 1111
891 1098 1099 1111
908 1099 1112 1111
891 1099 908 1111
892 893 908 1099
893 909 908 1113
893 908 1099 1113
893 1099 1100 1113
908 1099 1113 1112
893 894 910 1101
893 910 909 1113
893 1100 1101 1113
910 1101 1114 1113
893 1101 910 1113
894 895 910 1101
895 911 910 1115
895 910 1101 1115
895 1101 1102 1115
910 1101 1115 1114
895 896 912 1103
895 912 911 1115
895 1102 1103 1115
912 1103 1116 1115
895 1103 912 1115
896 897 912 1103
897 913 912 1117
897 912 1103 1117
897 1103 1104 1117
912 1103 1117 1116
897 898 914 1105
897 914 913 1117
897 1104 1105 1117
914 1105 1118 1117
897 1105 914 1117
898 899 914 1105
899 915 914 1119
899 914 1105 1119
899 1105 1106 1119
914 1105 1119 1118
899 900 917 1107
899 917 915 1119
899 1106 1107 1119
917 1107 1120 1119
899 1107 917 1119
905 906 918 1109
906 919 918 1122
906 918 1109 1122
906 1109 1110 1122
918 1109 1122 1121
906 907 920 1111
906 920 919 1122
906 1110 1111 1122
920 1111 1123 1122
906 1111 920 1122
907 908 920 1111
908 921 920 1124
908 920 1111 1124
908 1111 1112 1124
920 1111 1124 1123
908 909 922 1113
908 922 921 1124
908 1112 1113 1124
922 1113 1125 1124
908 1113 922 1124
909 910 922 1113
910 923 922 1126
910 922 1113 1126
910 1113 1114 1126
922 1113 1126 1125
910 911 924 1115
910 924 923 1126
910 1114 1115 1126
924 1115 1127 1126
910 1115 924 1126
911 912 924 1115
912 925 924 1128
912 924 1115 1128
912 1115 1116 1128
924 1115 1128 1127
912 913 926 1117
912 926 925 1128
912 1116 1117 1128
926 1117 1129 1128
912 1117 926 1128
913 914 926 1117
914 928 926 1130
914 926 1117 1130
914 1117 1118 1130
926 1117 1130 1129
914 915 1131 1119
914 1131 928 1130
914 1118 1119 1130
1131 1119 1132 1130
914 1119 1131 1130
918 919 930 1122
918 930 929 1133
918 1121 1122 1133
930 1122 1134 1133
918 1122 930 1133
919 920 930 1122
920 931 930 1135
920 930 1122 1135
920 1122 1123 1135
930 1122 1135 1134
920 921 932 1124
920 932 931 1135
920 1123 1124 1135
932 1124 1136 1135
920 1124 932 1135
921 922 932 1124
922 933 932 1137
922 932 1124 1137
922 1124 1125 1137
932 1124 1137 1136
922 923 934 1126
922 934 933 1137
922 1125 1126 1137
934 1126 1138 1137
922 1126 934 1137
923 924 934 1126
924 935 934 1139
924 934 1126 1139
924 1126 1127 1139
934 1126 1139 1138
924 925 936 1128
924 936 935 1139
924 1127 1128 1139
936 1128 1140 1139
924 1128 936 1139
925 926 936 1128
926 937 936 1141
926 936 1128 1141
926 1128 1129 1141
936 1128 1141 1140
926 928 939 1130
926 939 937 1141
926 1129 1130 1141
939 1130 1142 1141
926 1130 939 1141
930 931 941 1135
930 941 940 1143
930 1134 1135 1143
941 1135 1144 1143
930 1135 941 1143
931 932 941 1135
932 942 941 1145
932 941 1135 1145
932 1135 1136 1145
941 1135 1145 1144
932 933 943 1137
932 943 942 1145
932 1136 1137 1145
943 1137 1146 1145
932 1137 943 1145
933 934 943 1137
934 944 943 1147
934 943 1137 1147
934 1137 1138 1147
943 1137 1147 1146
934 935 945 1139
934 945 944 1147
934 1138 1139 1147
945 1139 1148 1147
934 1139 945 1147
935 936 945 1139
936 946 945 1149
936 945 1139 1149
936 1139 1140 1149
945 1139 1149 1148
936 937 947 1141
936 947 946 1149
936 1140 1141 1149
947 1141 1150 1149
936 1141 947 1149
942 943 949 1145
943 950 949 1152
943 949 1145 1152
943 1145 1146 1152
949 1145 1152 1151
943 944 951 1147
943 951 950 1152
943 1146 1147 1152
951 1147 1153 1152
943 1147 951 1152
944 945 951 1147
945 952 951 1154
945 951 1147 1154
945 1147 1148 1154
951 1147 1154 1153
945 946 953 1149
945 953 952 1154
945 1148 1149 1154
953 1149 1155 1154
945 1149 953 1154
954 955 957 1157
954 957 956 1158
954 1156 1157 1158
957 1157 1159 1158
954 1157 957 1158
955 958 957 1157
958 959 957 1161
958 957 1157 1161
958 1157 1160 1161
957 1157 1161 1159
958 960 961 1162
958 961 959 1161
958 1160 1162 1161
961 1162 1163 1161
958 1162 961 1161
960 962 961 1162
962 963 961 1165
962 961 1162 1165
962 1162 1164 1165
961 1162 1165 1163
962 964 965 1166
962 965 963 1165
962 1164 1166 1165
965 1166 1167 1165
962 1166 965 1165
964 966 965 1166
966 967 965 1169
966 965 1166 1169
966 1166 1168 1169
965 1166 1169 1167
966 1170 977 1171
966 977 967 1169
966 1168 1171 1169
977 1171 1172 1169
966 1171 977 1169
968 956 970 1158
968 970 969 1174
968 1173 1158 1174
970 1158 1175 1174
968 1158 970 1174
956 957 970 1158
957 971 970 1176
957 970 1158 1176
957 1158 1159 1176
970 1158 1176 1175
957 959 972 1161
957 972 971 1176
957 1159 1161 1176
972 1161 1177 1176
957 1161 972 1176
959 961 972 1161
961 973 972 1178
961 972 1161 1178
961 1161 1163 1178
972 1161 1178 1177
961 963 974 1165
961 974 973 1178
961 1163 1165 1178
974 1165 1179 1178
961 1165 974 1178
963 965 974 1165
965 975 974 1180
965 974 1165 1180
965 1165 1167 1180
974 1165 1180 1179
965 967 976 1169
965 976 975 1180
965 1167 1169 1180
976 1169 1181 1180
965 1169 976 1180
967 977 976 1169
977 978 976 1182
977 976 1169 1182
977 1169 1172 1182
976 1169 1182 1181
977 979 980 1183
977 980 978 1182
977 1172 1183 1182
980 1183 1184 1182
977 1183 980 1182
979 981 980 1183
981 982 980 1186
981 980 1183 1186
981 1183 1185 1186
980 1183 1186 1184
981 985 986 1187
981 986 982 1186
981 1185 1187 1186
986 1187 1188 1186
981 1187 986 1186
985 989 986 1187
989 990 986 1190
989 986 1187 1190
989 1187 1189 1190
986 1187 1190 1188
989 993 994 1191
989 994 990 1190
989 1189 1191 1190
994 1191 1192 1190
989 1191 994 1190
993 1193 994 1191
1193 1194 994 1196
1193 994 1191 1196
1193 1191 1195 1196
994 1191 1196 1192
1193 1197 1198 1199
1193 1198 1194 1196
1193 1195 1199 1196
1198 1199 1200 1196
1193 1199 1198 1196
995 969 997 1174
995 997 996 1202
995 1201 1174 1202
997 1174 1203 1202
995 1174 997 1202
969 970 997 1174
970 998 997 1204
970 997 1174 1204
970 1174 1175 1204
997 1174 1204 1203
970 971 999 1176
970 999 998 1204
970 1175 1176 1204
999 1176 1205 1204
970 1176 999 1204
971 972 999 1176
972 1000 999 1206
972 999 1176 1206
972 1176 1177 1206
999 1176 1206 1205
972 973 1001 1178
972 1001 1000 1206
972 1177 1178 1206
1001 1178 1207 1206
972 1178 1001 1206
973 974 1001 1178
974 1002 1001 1208
974 1001 1178 1208
974 1178 1179 1208
1001 1178 1208 1207
974 975 1003 1180
974 1003 1002 1208
974 1179 1180 1208
1003 1180 1209 1208
974 1180 1003 1208
975 976 1003 1180
976 1004 1003 1210
976 1003 1180 1210
976 1180 1181 1210
1003 1180 1210 1209
976 978 1005 1182
976 1005 1004 1210
976 1181 1182 1210
1005 1182 1211 1210
976 1182 1005 1210
978 980 1005 1182
980 1006 1005 1212
980 1005 1182 1212
980 1182 1184 1212
1005 1182 1212 1211
980 982 1007 1186
980 1007 1006 1212
980 1184 1186 1212
1007 1186 1213 1212
980 1186 1007 1212
982 986 1007 1186
986 1009 1007 1214
986 1007 1186 1214
986 1186 1188 1214
1007 1186 1214 1213
986 990 1011 1190
986 1011 1009 1214
986 1188 1190 1214
1011 1190 1215 1214
986 1190 1011 1214
990 994 1011 1190
994 1216 1011 1217
994 1011 1190 1217
994 1190 1192 1217
1011 1190 1217 1215
994 1194 1218 1196
994 1218 1216 1217
994 1192 1196 1217
1218 1196 1219 1217
994 1196 1218 1217
1194 1198 1218 1196
1198 1220 1218 1221
1198 1218 1196 1221
1198 1196 1200 1221
1218 1196 1221 1219
1012 996 1014 1202
1012 1014 1013 1223
1012 1222 1202 1223
1014 1202 1224 1223
1012 1202 1014 1223
996 997 1014 1202
997 1015 1014 1225
997 1014 1202 1225
997 1202 1203 1225
1014 1202 1225 1224
997 998 1016 1204
997 1016 1015 1225
997 1203 1204 1225
1016 1204 1226 1225
997 1204 1016 1225
998 999 1016 1204
999 1017 1016 1227
999 1016 1204 1227
999 1204 1205 1227
1016 1204 1227 1226
999 1000 1018 1206
999 1018 1017 1227
999 1205 1206 1227
1018 1206 1228 1227
999 1206 1018 1227
1000 1001 1018 1206
1001 1019 1018 1229
1001 1018 1206 1229
1001 1206 1207 1229
1018 1206 1229 1228
1001 1002 1020 1208
1001 1020 1019 1229
1001 1207 1208 1229
1020 1208 1230 1229
1001 1208 1020 1229
1002 1003 1020 1208
1003 1021 1020 1231
1003 1020 1208 1231
1003 1208 1209 1231
1020 1208 1231 1230
1003 1004 1022 1210
1003 1022 1021 1231
1003 1209 1210 1231
1022 1210 1232 1231
1003 1210 1022 1231
1004 1005 1022 1210
1005 1024 1022 1233
1005 1022 1210 1233
1005 1210 1211 1233
1022 1210 1233 1232
1005 1006 1026 1212
1005 1026 1024 1233
1005 1211 1212 1233
1026 1212 1234 1233
1005 1212 1026 1233
1006 1007 1026 1212
1007 1028 1026 1235
1007 1026 1212 1235
1007 1212 1213 1235
1026 1212 1235 1234
1007 1009 1236 1214
1007 1236 1028 1235
1007 1213 1214 1235
1236 1214 1237 1235
1007 1214 1236 1235
1009 1011 1236 1214
1011 1238 1236 1239
1011 1236 1214 1239
1011 1214 1215 1239
1236 1214 1239 1237
1011 1216 1240 1217
1011 1240 1238 1239
1011 1215 1217 1239
1240 1217 1241 1239
1011 1217 1240 1239
1216 1218 1240 1217
1218 1242 1240 1243
1218 1240 1217 1243
1218 1217 1219 1243
1240 1217 1243 1241
1218 1220 1244 1221
1218 1244 1242 1243
1218 1219 1221 1243
1244 1221 1245 1243
1218 1221 1244 1243
1013 1014 1031 1223
1014 1032 1031 1247
1014 1031 1223 1247
1014 1223 1224 1247
1031 1223 1247 1246
1014 1015 1033 1225
1014 1033 1032 1247
1014 1224 1225 1247
1033 1225 1248 1247
1014 1225 1033 1247
1015 1016 1033 1225
1016 1034 1033 1249
1016 1033 1225 1249
1016 1225 1226 1249
1033 1225 1249 1248
1016 1017 1035 1227
1016 1035 1034 1249
1016 1226 1227 1249
1035 1227 1250 1249
1016 1227 1035 1249
1017 1018 1035 1227
1018 1036 1035 1251
1018 1035 1227 1251
1018 1227 1228 1251
1035 1227 1251 1250
1018 1019 1037 1229
1018 1037 1036 1251
1018 1228 1229 1251
1037 1229 1252 1251
1018 1229 1037 1251
1019 1020 1037 1229
1020 1038 1037 1253
1020 1037 1229 1253
1020 1229 1230 1253
1037 1229 1253 1252
1020 1021 1039 1231
1020 1039 1038 1253
1020 1230 1231 1253
1039 1231 1254 1253
1020 1231 1039 1253
1021 1022 1039 1231
1022 1040 1039 1255
1022 1039 1231 1255
1022 1231 1232 1255
1039 1231 1255 1254
1022 1024 1042 1233
1022 1042 1040 1255
1022 1232 1233 1255
1042 1233 1256 1255
1022 1233 1042 1255
1024 1026 1042 1233
1026 1044 1042 1257
1026 1042 1233 1257
1026 1233 1234 1257
1042 1233 1257 1256
1026 1028 1046 1235
1026 1046 1044 1257
1026 1234 1235 1257
1046 1235 1258 1257
1026 1235 1046 1257
1028 1236 1046 1235
1236 1064 1046 1259
1236 1046 1235 1259
1236 1235 1237 1259
1046 1235 1259 1258
1236 1238 1260 1239
1236 1260 1064 1259
1236 1237 1239 1259
1260 1239 1261 1259
1236 1239 1260 1259
1238 1240 1260 1239
1240 1262 1260 1263
1240 1260 1239 1263
1240 1239 1241 1263
1260 1239 1263 1261
1240 1242 1264 1243
1240 1264 1262 1263
1240 1241 1243 1263
1264 1243 1265 1263
1240 1243 1264 1263
1242 1244 1264 1243
1244 1266 1264 1267
1244 1264 1243 1267
1244 1243 1245 1267
1264 1243 1267 1265
1030 1031 1047 1268
1031 1048 1047 1270
1031 1047 1268 1270
1031 1268 1246 1270
1047 1268 1270 1269
1031 1032 1049 1247
1031 1049 1048 1270
1031 1246 1247 1270
1049 1247 1271 1270
1031 1247 1049 1270
1032 1033 1049 1247
1033 1050 1049 1272
1033 1049 1247 1272
1033 1247 1248 1272
1049 1247 1272 1271
1033 1034 1051 1249
1033 1051 1050 1272
1033 1248 1249 1272
1051 1249 1273 1272
1033 1249 1051 1272
1034 1035 1051 1249
1035 1052 1051 1274
1035 1051 1249 1274
1035 1249 1250 1274
1051 1249 1274 1273
1035 1036 1053 1251
1035 1053 1052 1274
1035 1250 1251 1274
1053 1251 1275 1274
1035 1251 1053 1274
1036 1037 1053 1251
1037 1054 1053 1276
1037 1053 1251 1276
1037 1251 1252 1276
1053 1251 1276 1275
1037 1038 1055 1253
1037 1055 1054 1276
1037 1252 1253 1276
1055 1253 1277 1276
1037 1253 1055 1276
1038 1039 1055 1253
1039 1056 1055 1278
1039 1055 1253 1278
1039 1253 1254 1278
1055 1253 1278 1277
1039 1040 1057 1255
1039 1057 1056 1278
1039 1254 1255 1278
1057 1255 1279 1278
1039 1255 1057 1278
1040 1042 1057 1255
1042 1058 1057 1280
1042 1057 1255 1280
1042 1255 1256 1280
1057 1255 1280 1279
1042 1044 1059 1257
1042 1059 1058 1280
1042 1256 1257 1280
1059 1257 1281 1280
1042 1257 1059 1280
1044 1046 1059 1257
1046 1061 1059 1282
1046 1059 1257 1282
1046 1257 1258 1282
1059 1257 1282 1281
1046 1064 1065 1259
1046 1065 1061 1282
1046 1258 1259 1282
1065 1259 1283 1282
1046 1259 1065 1282
1064 1260 1065 1259
1260 1284 1065 1285
1260 1065 1259 1285
1260 1259 1261 1285
1065 1259 1285 1283
1260 1262 1286 1263
1260 1286 1284 1285
1260 1261 1263 1285
1286 1263 1287 1285
1260 1263 1286 1285
1262 1264 1286 1263
1264 1288 1286 1289
1264 1286 1263 1289
1264 1263 1265 1289
1286 1263 1289 1287
1264 1266 1290 1267
1264 1290 1288 1289
1264 1265 1267 1289
1290 1267 1291 1289
1264 1267 1290 1289
1047 1048 1067 1270
1047 1067 1066 1292
1047 1269 1270 1292
1067 1270 1293 1292
1047 1270 1067 1292
1048 1049 1067 1270
1049 1068 1067 1294
1049 1067 1270 1294
1049 1270 1271 1294
1067 1270 1294 1293
1049 1050 1069 1272
1049 1069 1068 1294
1049 1271 1272 1294
1069 1272 1295 1294
1049 1272 1069 1294
1050 1051 1069 1272
1051 1070 1069 1296
1051 1069 1272 1296
1051 1272 1273 1296
1069 1272 1296 1295
1051 1052 1071 1274
1051 1071 1070 1296
1051 1273 1274 1296
1071 1274 1297 1296
1051 1274 1071 1296
1052 1053 1071 1274
1053 1072 1071 1298
1053 1071 1274 1298
1053 1274 1275 1298
1071 1274 1298 1297
1053 1054 1073 1276
1053 1073 1072 1298
1053 1275 1276 1298
1073 1276 1299 1298
1053 1276 1073 1298
1054 1055 1073 1276
1055 1074 1073 1300
1055 1073 1276 1300
1055 1276 1277 1300
1073 1276 1300 1299
1055 1056 1075 1278
1055 1075 1074 1300
1055 1277 1278 1300
1075 1278 1301 1300
1055 1278 1075 1300
1056 1057 1075 1278
1057 1076 1075 1302
1057 1075 1278 1302
1057 1278 1279 1302
1075 1278 1302 1301
1057 1058 1077 1280
1057 1077 1076 1302
1057 1279 1280 1302
1077 1280 1303 1302
1057 1280 1077 1302
1058 1059 1077 1280
1059 1078 1077 1304
1059 1077 1280 1304
1059 1280 1281 1304
1077 1280 1304 1303
1059 1061 1080 1282
1059 1080 1078 1304
1059 1281 1282 1304
1080 1282 1305 1304
1059 1282 1080 1304
1061 1065 1080 1282
1065 1306 1080 1307
1065 1080 1282 1307
1065 1282 1283 1307
1080 1282 1307 1305
1065 1284 1308 1285
1065 1308 1306 1307
1065 1283 1285 1307
1308 1285 1309 1307
1065 1285 1308 1307
1284 1286 1308 1285
1286 1310 1308 1311
1286 1308 1285 1311
1286 1285 1287 1311
1308 1285 1311 1309
1286 1288 1312 1289
1286 1312 1310 1311
1286 1287 1289 1311
1312 1289 1313 1311
1286 1289 1312 1311
1288 1290 1312 1289
1290 1314 1312 1315
1290 1312 1289 1315
1290 1289 1291 1315
1312 1289 1315 1313
1066 1067 1081 1292
1067 1082 1081 1317
1067 1081 1292 1317
1067 1292 1293 1317
1081 1292 1317 1316
1067 1068 1083 1294
1067 1083 1082 1317
1067 1293 1294 1317
1083 1294 1318 1317
1067 1294 1083 1317
1068 1069 1083 1294
1069 1084 1083 1319
1069 1083 1294 1319
1069 1294 1295 1319
1083 1294 1319 1318
1069 1070 1085 1296
1069 1085 1084 1319
1069 1295 1296 1319
1085 1296 1320 1319
1069 1296 1085 1319
1070 1071 1085 1296
1071 1086 1085 1321
1071 1085 1296 1321
1071 1296 1297 1321
1085 1296 1321 1320
1071 1072 1087 1298
1071 1087 1086 1321
1071 1297 1298 1321
1087 1298 1322 1321
1071 1298 1087 1321
1072 1073 1087 1298
1073 1088 1087 1323
1073 1087 1298 1323
1073 1298 1299 1323
1087 1298 1323 1322
1073 1074 1089 1300
1073 1089 1088 1323
1073 1299 1300 1323
1089 1300 1324 1323
1073 1300 1089 1323
1074 1075 1089 1300
1075 1090 1089 1325
1075 1089 1300 1325
1075 1300 1301 1325
1089 1300 1325 1324
1075 1076 1091 1302
1075 1091 1090 1325
1075 1301 1302 1325
1091 1302 1326 1325
1075 1302 1091 1325
1076 1077 1091 1302
1077 1092 1091 1327
1077 1091 1302 1327
1077 1302 1303 1327
1091 1302 1327 1326
1077 1078 1093 1304
1077 1093 1092 1327
1077 1303 1304 1327
1093 1304 1328 1327
1077 1304 1093 1327
1078 1080 1093 1304
1080 1095 1093 1329
1080 1093 1304 1329
1080 1304 1305 1329
1093 1304 1329 1328
1308 1310 1331 1311
1308 1331 1330 1332
1308 1309 1311 1332
1331 1311 1333 1332
1308 1311 1331 1332
1081 1082 1097 1317
1081 1097 1096 1334
1081 1316 1317 1334
1097 1317 1335 1334
1081 1317 1097 1334
1082 1083 1097 1317
1083 1098 1097 1336
1083 1097 1317 1336
1083 1317 1318 1336
1097 1317 1336 1335
1083 1084 1099 1319
1083 1099 1098 1336
1083 1318 1319 1336
1099 1319 1337 1336
1083 1319 1099 1336
1084 1085 1099 1319
1085 1100 1099 1338
1085 1099 1319 1338
1085 1319 1320 1338
1099 1319 1338 1337
1085 1086 1101 1321
1085 1101 1100 1338
1085 1320 1321 1338
1101 1321 1339 1338
1085 1321 1101 1338
1086 1087 1101 1321
1087 1102 1101 1340
1087 1101 1321 1340
1087 1321 1322 1340
1101 1321 1340 1339
1087 1088 1103 1323
1087 1103 1102 1340
1087 1322 1323 1340
1103 1323 1341 1340
1087 1323 1103 1340
1088 1089 1103 1323
1089 1104 1103 1342
1089 1103 1323 1342
1089 1323 1324 1342
1103 1323 1342 1341
1089 1090 1105 1325
1089 1105 1104 1342
1089 1324 1325 1342
1105 1325 1343 1342
1089 1325 1105 1342
1090 1091 1105 1325
1091 1106 1105 1344
1091 1105 1325 1344
1091 1325 1326 1344
1105 1325 1344 1343
1091 1092 1107 1327
1091 1107 1106 1344
1091 1326 1327 1344
1107 1327 1345 1344
1091 1327 1107 1344
1092 1093 1107 1327
1093 1108 1107 1346
1093 1107 1327 1346
1093 1327 1328 1346
1107 1327 1346 1345
1093 1095 1347 1329
1093 1347 1108 1346
1093 1328 1329 1346
1347 1329 1348 1346
1093 1329 1347 1346
1096 1097 1109 1334
1097 1110 1109 1350
1097 1109 1334 1350
1097 1334 1335 1350
1109 1334 1350 1349
1097 1098 1111 1336
1097 1111 1110 1350
1097 1335 1336 1350
1111 1336 1351 1350
1097 1336 1111 1350
1098 1099 1111 1336
1099 1112 1111 1352
1099 1111 1336 1352
1099 1336 1337 1352
1111 1336 1352 1351
1099 1100 1113 1338
1099 1113 1112 1352
1099 1337 1338 1352
1113 1338 1353 1352
1099 1338 1113 1352
1100 1101 1113 1338
1101 1114 1113 1354
1101 1113 1338 1354
1101 1338 1339 1354
1113 1338 1354 1353
1101 1102 1115 1340
1101 1115 1114 1354
1101 1339 1340 1354
1115 1340 1355 1354
1101 1340 1115 1354
1102 1103 1115 1340
1103 1116 1115 1356
1103 1115 1340 1356
1103 1340 1341 1356
1115 1340 1356 1355
1103 1104 1117 1342
1103 1117 1116 1356
1103 1341 1342 1356
1117 1342 1357 1356
1103 1342 1117 1356
1104 1105 1117 1342
1105 1118 1117 1358
1105 1117 1342 1358
1105 1342 1343 1358
1117 1342 1358 1357
1105 1106 1119 1344
1105 1119 1118 1358
1105 1343 1344 1358
1119 1344 1359 1358
1105 1344 1119 1358
1106 1107 1119 1344
1107 1120 1119 1360
1107 1119 1344 1360
1107 1344 1345 1360
1119 1344 1360 1359
1110 1111 1122 1350
1111 1123 1122 1362
1111 1122 1350 1362
1111 1350 1351 1362
1122 1350 1362 1361
1111 1112 1124 1352
1111 1124 1123 1362
1111 1351 1352 1362
1124 1352 1363 1362
1111 1352 1124 1362
1112 1113 1124 1352
1113 1125 1124 1364
1113 1124 1352 1364
1113 1352 1353 1364
1124 1352 1364 1363
1113 1114 1126 1354
1113 1126 1125 1364
1113 1353 1354 1364
1126 1354 1365 1364
1113 1354 1126 1364
1114 1115 1126 1354
1115 1127 1126 1366
1115 1126 1354 1366
1115 1354 1355 1366
1126 1354 1366 1365
1115 1116 1128 1356
1115 1128 1127 1366
1115 1355 1356 1366
1128 1356 1367 1366
1115 1356 1128 1366
1116 1117 1128 1356
1117 1129 1128 1368
1117 1128 1356 1368
1117 1356 1357 1368
1128 1356 1368 1367
1117 1118 1130 1358
1117 1130 1129 1368
1117 1357 1358 1368
1130 1358 1369 1368
1117 1358 1130 1368
1118 1119 1130 1358
1119 1132 1130 1370
1119 1130 1358 1370
1119 1358 1359 1370
1130 1358 1370 1369
1122 1123 1135 1362
1122 1135 1134 1371
1122 1361 1362 1371
1135 1362 1372 1371
1122 1362 1135 1371
1123 1124 1135 1362
1124 1136 1135 1373
1124 1135 1362 1373
1124 1362 1363 1373
1135 1362 1373 1372
1124 1125 1137 1364
1124 1137 1136 1373
1124 1363 1364 1373
1137 1364 1374 1373
1124 1364 1137 1373
1125 1126 1137 1364
1126 1138 1137 1375
1126 1137 1364 1375
1126 1364 1365 1375
1137 1364 1375 1374
1126 1127 1139 1366
1126 1139 1138 1375
1126 1365 1366 1375
1139 1366 1376 1375
1126 1366 1139 1375
1127 1128 1139 1366
1128 1140 1139 1377
1128 1139 1366 1377
1128 1366 1367 1377
1139 1366 1377 1376
1128 1129 1141 1368
1128 1141 1140 1377
1128 1367 1368 1377
1141 1368 1378 1377
1128 1368 1141 1377
1129 1130 1141 1368
1130 1142 1141 1379
1130 1141 1368 1379
1130 1368 1369 1379
1141 1368 1379 1378
1135 1136 1145 1373
1135 1145 1144 1380
1135 1372 1373 1380
1145 1373 1381 1380
1135 1373 1145 1380
1136 1137 1145 1373
1137 1146 1145 1382
1137 1145 1373 1382
1137 1373 1374 1382
1145 1373 1382 1381
1137 1138 1147 1375
1137 1147 1146 1382
1137 1374 1375 1382
1147 1375 1383 1382
1137 1375 1147 1382
1138 1139 1147 1375
1139 1148 1147 1384
1139 1147 1375 1384
1139 1375 1376 1384
1147 1375 1384 1383
1139 1140 1149 1377
1139 1149 1148 1384
1139 1376 1377 1384
1149 1377 1385 1384
1139 1377 1149 1384
1140 1141 1149 1377
1141 1150 1149 1386
1141 1149 1377 1386
1141 1377 1378 1386
1149 1377 1386 1385
1157 1160 1161 1388
1157 1161 1159 1389
1157 1387 1388 1389
1161 1388 1390 1389
1157 1388 1161 1389
1160 1162 1161 1388
1162 1163 1161 1392
1162 1161 1388 1392
1162 1388 1391 1392
1161 1388 1392 1390
1162 1164 1165 1393
1162 1165 1163 1392
1162 1391 1393 1392
1165 1393 1394 1392
1162 1393 1165 1392
1164 1166 1165 1393
1166 1167 1165 1396
1166 1165 1393 1396
1166 1393 1395 1396
1165 1393 1396 1394
1166 1168 1169 1397
1166 1169 1167 1396
1166 1395 1397 1396
1169 1397 1398 1396
1166 1397 1169 1396
1168 1171 1169 1397
1171 1172 1169 1400
1171 1169 1397 1400
1171 1397 1399 1400
1169 1397 1400 1398
1158 1159 1176 1389
1158 1176 1175 1402
1158 1401 1389 1402
1176 1389 1403 1402
1158 1389 1176 1402
1159 1161 1176 1389
1161 1177 1176 1404
1161 1176 1389 1404
1161 1389 1390 1404
1176 1389 1404 1403
1161 1163 1178 1392
1161 1178 1177 1404
1161 1390 1392 1404
1178 1392 1405 1404
1161 1392 1178 1404
1163 1165 1178 1392
1165 1179 1178 1406
1165 1178 1392 1406
1165 1392 1394 1406
1178 1392 1406 1405
1165 1167 1180 1396
1165 1180 1179 1406
1165 1394 1396 1406
1180 1396 1407 1406
1165 1396 1180 1406
1167 1169 1180 1396
1169 1181 1180 1408
1169 1180 1396 1408
1169 1396 1398 1408
1180 1396 1408 1407
1169 1172 1182 1400
1169 1182 1181 1408
1169 1398 1400 1408
1182 1400 1409 1408
1169 1400 1182 1408
1172 1183 1182 1400
1183 1184 1182 1411
1183 1182 1400 1411
1183 1400 1410 1411
1182 1400 1411 1409
1183 1185 1186 1412
1183 1186 1184 1411
1183 1410 1412 1411
1186 1412 1413 1411
1183 1412 1186 1411
1185 1187 1186 1412
1187 1188 1186 1415
1187 1186 1412 1415
1187 1412 1414 1415
1186 1412 1415 1413
1187 1189 1190 1416
1187 1190 1188 1415
1187 1414 1416 1415
1190 1416 1417 1415
1187 1416 1190 1415
1189 1191 1190 1416
1191 1192 1190 1419
1191 1190 1416 1419
1191 1416 1418 1419
1190 1416 1419 1417
1191 1195 1196 1420
1191 1196 1192 1419
1191 1418 1420 1419
1196 1420 1421 1419
1191 1420 1196 1419
1195 1199 1196 1420
1199 1200 1196 1423
1199 1196 1420 1423
1199 1420 1422 1423
1196 1420 1423 1421
1174 1175 1204 1402
1174 1204 1203 1425
1174 1424 1402 1425
1204 1402 1426 1425
1174 1402 1204 1425
1175 1176 1204 1402
1176 1205 1204 1427
1176 1204 1402 1427
1176 1402 1403 1427
1204 1402 1427 1426
1176 1177 1206 1404
1176 1206 1205 1427
1176 1403 1404 1427
1206 1404 1428 1427
1176 1404 1206 1427
1177 1178 1206 1404
1178 1207 1206 1429
1178 1206 1404 1429
1178 1404 1405 1429
1206 1404 1429 1428
1178 1179 1208 1406
1178 1208 1207 1429
1178 1405 1406 1429
1208 1406 1430 1429
1178 1406 1208 1429
1179 1180 1208 1406
1180 1209 1208 1431
1180 1208 1406 1431
1180 1406 1407 1431
1208 1406 1431 1430
1180 1181 1210 1408
1180 1210 1209 1431
1180 1407 1408 1431
1210 1408 1432 1431
1180 1408 1210 1431
1181 1182 1210 1408
1182 1211 1210 1433
1182 1210 1408 1433
1182 1408 1409 1433
1210 1408 1433 1432
1182 1184 1212 1411
1182 1212 1211 1433
1182 1409 1411 1433
1212 1411 1434 1433
1182 1411 1212 1433
1184 1186 1212 1411
1186 1213 1212 1435
1186 1212 1411 1435
1186 1411 1413 1435
1212 1411 1435 1434
1186 1188 1214 1415
1186 1214 1213 1435
1186 1413 1415 1435
1214 1415 1436 1435
1186 1415 1214 1435
1188 1190 1214 1415
1190 1215 1214 1437
1190 1214 1415 1437
1190 1415 1417 1437
1214 1415 1437 1436
1190 1192 1217 1419
1190 1217 1215 1437
1190 1417 1419 1437
1217 1419 1438 1437
1190 1419 1217 1437
1192 1196 1217 1419
1196 1219 1217 1439
1196 1217 1419 1439
1196 1419 1421 1439
1217 1419 1439 1438
1196 1200 1221 1423
1196 1221 1219 1439
1196 1421 1423 1439
1221 1423 1440 1439
1196 1423 1221 1439
1202 1203 1225 1425
1202 1225 1224 1442
1202 1441 1425 1442
1225 1425 1443 1442
1202 1425 1225 1442
1203 1204 1225 1425
1204 1226 1225 1444
1204 1225 1425 1444
1204 1425 1426 1444
1225 1425 1444 1443
1204 1205 1227 1427
1204 1227 1226 1444
1204 1426 1427 1444
1227 1427 1445 1444
1204 1427 1227 1444
1205 1206 1227 1427
1206 1228 1227 1446
1206 1227 1427 1446
1206 1427 1428 1446
1227 1427 1446 1445
1206 1207 1229 1429
1206 1229 1228 1446
1206 1428 1429 1446
1229 1429 1447 1446
1206 1429 1229 1446
1207 1208 1229 1429
1208 1230 1229 1448
1208 1229 1429 1448
1208 1429 1430 1448
1229 1429 1448 1447
1208 1209 1231 1431
1208 1231 1230 1448
1208 1430 1431 1448
1231 1431 1449 1448
1208 1431 1231 1448
1209 1210 1231 1431
1210 1232 1231 1450
1210 1231 1431 1450
1210 1431 1432 1450
1231 1431 1450 1449
1210 1211 1233 1433
1210 1233 1232 1450
1210 1432 1433 1450
1233 1433 1451 1450
1210 1433 1233 1450
1211 1212 1233 1433
1212 1234 1233 1452
1212 1233 1433 1452
1212 1433 1434 1452
1233 1433 1452 1451
1212 1213 1235 1435
1212 1235 1234 1452
1212 1434 1435 1452
1235 1435 1453 1452
1212 1435 1235 1452
1213 1214 1235 1435
1214 1237 1235 1454
1214 1235 1435 1454
1214 1435 1436 1454
1235 1435 1454 1453
1214 1215 1239 1437
1214 1239 1237 1454
1214 1436 1437 1454
1239 1437 1455 1454
1214 1437 1239 1454
1215 1217 1239 1437
1217 1241 1239 1456
1217 1239 1437 1456
1217 1437 1438 1456
1239 1437 1456 1455
1217 1219 1243 1439
1217 1243 1241 1456
1217 1438 1439 1456
1243 1439 1457 1456
1217 1439 1243 1456
1219 1221 1243 1439
1221 1245 1243 1458
1221 1243 1439 1458
1221 1439 1440 1458
1243 1439 1458 1457
1223 1224 1247 1442
1223 1247 1246 1460
1223 1459 1442 1460
1247 1442 1461 1460
1223 1442 1247 1460
1224 1225 1247 1442
1225 1248 1247 1462
1225 1247 1442 1462
1225 1442 1443 1462
1247 1442 1462 1461
1225 1226 1249 1444
1225 1249 1248 1462
1225 1443 1444 1462
1249 1444 1463 1462
1225 1444 1249 1462
1226 1227 1249 1444
1227 1250 1249 1464
1227 1249 1444 1464
1227 1444 1445 1464
1249 1444 1464 1463
1227 1228 1251 1446
1227 1251 1250 1464
1227 1445 1446 1464
1251 1446 1465 1464
1227 1446 1251 1464
1228 1229 1251 1446
1229 1252 1251 1466
1229 1251 1446 1466
1229 1446 1447 1466
1251 1446 1466 1465
1229 1230 1253 1448
1229 1253 1252 1466
1229 1447 1448 1466
1253 1448 1467 1466
1229 1448 1253 1466
1230 1231 1253 1448
1231 1254 1253 1468
1231 1253 1448 1468
1231 1448 1449 1468
1253 1448 1468 1467
1231 1232 1255 1450
1231 1255 1254 1468
1231 1449 1450 1468
1255 1450 1469 1468
1231 1450 1255 1468
1232 1233 1255 1450
1233 1256 1255 1470
1233 1255 1450 1470
1233 1450 1451 1470
1255 1450 1470 1469
1233 1234 1257 1452
1233 1257 1256 1470
1233 1451 1452 1470
1257 1452 1471 1470
1233 1452 1257 1470
1234 1235 1257 1452
1235 1258 1257 1472
1235 1257 1452 1472
1235 1452 1453 1472
1257 1452 1472 1471
1235 1237 1259 1454
1235 1259 1258 1472
1235 1453 1454 1472
1259 1454 1473 1472
1235 1454 1259 1472
1237 1239 1259 1454
1239 1261 1259 1474
1239 1259 1454 1474
1239 1454 1455 1474
1259 1454 1474 1473
1239 1241 1263 1456
1239 1263 1261 1474
1239 1455 1456 1474
1263 1456 1475 1474
1239 1456 1263 1474
1241 1243 1263 1456
1243 1265 1263 1476
1243 1263 1456 1476
1243 1456 1457 1476
1263 1456 1476 1475
1243 1245 1267 1458
1243 1267 1265 1476
1243 1457 1458 1476
1267 1458 1477 1476
1243 1458 1267 1476
1246 1247 1270 1460
1247 1271 1270 1479
1247 1270 1460 1479
1247 1460 1461 1479
1270 1460 1479 1478
1247 1248 1272 1462
1247 1272 1271 1479
1247 1461 1462 1479
1272 1462 1480 1479
1247 1462 1272 1479
1248 1249 1272 1462
1249 1273 1272 1481
1249 1272 1462 1481
1249 1462 1463 1481
1272 1462 1481 1480
1249 1250 1274 1464
1249 1274 1273 1481
1249 1463 1464 1481
1274 1464 1482 1481
1249 1464 1274 1481
1250 1251 1274 1464
1251 1275 1274 1483
1251 1274 1464 1483
1251 1464 1465 1483
1274 1464 1483 1482
1251 1252 1276 1466
1251 1276 1275 1483
1251 1465 1466 1483
1276 1466 1484 1483
1251 1466 1276 1483
1252 1253 1276 1466
1253 1277 1276 1485
1253 1276 1466 1485
1253 1466 1467 1485
1276 1466 1485 1484
1253 1254 1278 1468
1253 1278 1277 1485
1253 1467 1468 1485
1278 1468 1486 1485
1253 1468 1278 1485
1254 1255 1278 1468
1255 1279 1278 1487
1255 1278 1468 1487
1255 1468 1469 1487
1278 1468 1487 1486
1255 1256 1280 1470
1255 1280 1279 1487
1255 1469 1470 1487
1280 1470 1488 1487
1255 1470 1280 1487
1256 1257 1280 1470
1257 1281 1280 1489
1257 1280 1470 1489
1257 1470 1471 1489
1280 1470 1489 1488
1257 1258 1282 1472
1257 1282 1281 1489
1257 1471 1472 1489
1282 1472 1490 1489
1257 1472 1282 1489
1258 1259 1282 1472
1259 1283 1282 1491
1259 1282 1472 1491
1259 1472 1473 1491
1282 1472 1491 1490
1259 1261 1285 1474
1259 1285 1283 1491
1259 1473 1474 1491
1285 1474 1492 1491
1259 1474 1285 1491
1261 1263 1285 1474
1263 1287 1285 1493
1263 1285 1474 1493
1263 1474 1475 1493
1285 1474 1493 1492
1263 1265 1289 1476
1263 1289 1287 1493
1263 1475 1476 1493
1289 1476 1494 1493
1263 1476 1289 1493
1265 1267 1289 1476
1267 1291 1289 1495
1267 1289 1476 1495
1267 1476 1477 1495
1289 1476 1495 1494
1267 1496 1497 1498
1267 1497 1291 1495
1267 1477 1498 1495
1497 1498 1499 1495
1267 1498 1497 1495
1270 1271 1294 1479
1270 1294 1293 1500
1270 1478 1479 1500
1294 1479 1501 1500
1270 1479 1294 1500
1271 1272 1294 1479
1272 1295 1294 1502
1272 1294 1479 1502
1272 1479 1480 1502
1294 1479 1502 1501
1272 1273 1296 1481
1272 1296 1295 1502
1272 1480 1481 1502
1296 1481 1503 1502
1272 1481 1296 1502
1273 1274 1296 1481
1274 1297 1296 1504
1274 1296 1481 1504
1274 1481 1482 1504
1296 1481 1504 1503
1274 1275 1298 1483
1274 1298 1297 1504
1274 1482 1483 1504
1298 1483 1505 1504
1274 1483 1298 1504
1275 1276 1298 1483
1276 1299 1298 1506
1276 1298 1483 1506
1276 1483 1484 1506
1298 1483 1506 1505
1276 1277 1300 1485
1276 1300 1299 1506
1276 1484 1485 1506
1300 1485 1507 1506
1276 1485 1300 1506
1277 1278 1300 1485
1278 1301 1300 1508
1278 1300 1485 1508
1278 1485 1486 1508
1300 1485 1508 1507
1278 1279 1302 1487
1278 1302 1301 1508
1278 1486 1487 1508
1302 1487 1509 1508
1278 1487 1302 1508
1279 1280 1302 1487
1280 1303 1302 1510
1280 1302 1487 1510
1280 1487 1488 1510
1302 1487 1510 1509
1280 1281 1304 1489
1280 1304 1303 1510
1280 1488 1489 1510
1304 1489 1511 1510
1280 1489 1304 1510
1281 1282 1304 1489
1282 1305 1304 1512
1282 1304 1489 1512
1282 1489 1490 1512
1304 1489 1512 1511
1282 1283 1307 1491
1282 1307 1305 1512
1282 1490 1491 1512
1307 1491 1513 1512
1282 1491 1307 1512
1283 1285 1307 1491
1285 1309 1307 1514
1285 1307 1491 1514
1285 1491 1492 1514
1307 1491 1514 1513
1285 1287 1311 1493
1285 1311 1309 1514
1285 1492 1493 1514
1311 1493 1515 1514
1285 1493 1311 1514
1287 1289 1311 1493
1289 1313 1311 1516
1289 1311 1493 1516
1289 1493 1494 1516
1311 1493 1516 1515
1289 1291 1315 1495
1289 1315 1313 1516
1289 1494 1495 1516
1315 1495 1517 1516
1289 1495 1315 1516
1293 1294 1317 1500
1294 1318 1317 1519
1294 1317 1500 1519
1294 1500 1501 1519
1317 1500 1519 1518
1294 1295 1319 1502
1294 1319 1318 1519
1294 1501 1502 1519
1319 1502 1520 1519
1294 1502 1319 1519
1295 1296 1319 1502
1296 1320 1319 1521
1296 1319 1502 1521
1296 1502 1503 1521
1319 1502 1521 1520
1296 1297 1321 1504
1296 1321 1320 1521
1296 1503 1504 1521
1321 1504 1522 1521
1296 1504 1321 1521
1297 1298 1321 1504
1298 1322 1321 1523
1298 1321 1504 1523
1298 1504 1505 1523
1321 1504 1523 1522
1298 1299 1323 1506
1298 1323 1322 1523
1298 1505 1506 1523
1323 1506 1524 1523
1298 1506 1323 1523
1299 1300 1323 1506
1300 1324 1323 1525
1300 1323 1506 1525
1300 1506 1507 1525
1323 1506 1525 1524
1300 1301 1325 1508
1300 1325 1324 1525
1300 1507 1508 1525
1325 1508 1526 1525
1300 1508 1325 1525
1301 1302 1325 1508
1302 1326 1325 1527
1302 1325 1508 1527
1302 1508 1509 1527
1325 1508 1527 1526
1302 1303 1327 1510
1302 1327 1326 1527
1302 1509 1510 1527
1327 1510 1528 1527
1302 1510 1327 1527
1303 1304 1327 1510
1304 1328 1327 1529
1304 1327 1510 1529
1304 1510 1511 1529
1327 1510 1529 1528
1304 1305 1329 1512
1304 1329 1328 1529
1304 1511 1512 1529
1329 1512 1530 1529
1304 1512 1329 1529
1305 1307 1329 1512
1307 1531 1329 1532
1307 1329 1512 1532
1307 1512 1513 1532
1329 1512 1532 1530
1307 1309 1332 1514
1307 1332 1531 1532
1307 1513 1514 1532
1332 1514 1533 1532
1307 1514 1332 1532
1309 1311 1332 1514
1311 1333 1332 1534
1311 1332 1514 1534
1311 1514 1515 1534
1332 1514 1534 1533
1311 1313 1535 1516
1311 1535 1333 1534
1311 1515 1516 1534
1535 1516 1536 1534
1311 1516 1535 1534
1313 1315 1535 1516
1315 1537 1535 1538
1315 1535 1516 1538
1315 1516 1517 1538
1535 1516 1538 1536
1317 1318 1336 1519
1317 1336 1335 1539
1317 1518 1519 1539
1336 1519 1540 1539
1317 1519 1336 1539
1318 1319 1336 1519
1319 1337 1336 1541
1319 1336 1519 1541
1319 1519 1520 1541
1336 1519 1541 1540
1319 1320 1338 1521
1319 1338 1337 1541
1319 1520 1521 1541
1338 1521 1542 1541
1319 1521 1338 1541
1320 1321 1338 1521
1321 1339 1338 1543
1321 1338 1521 1543
1321 1521 1522 1543
1338 1521 1543 1542
1321 1322 1340 1523
1321 1340 1339 1543
1321 1522 1523 1543
1340 1523 1544 1543
1321 1523 1340 1543
1322 1323 1340 1523
1323 1341 1340 1545
1323 1340 1523 1545
1323 1523 1524 1545
1340 1523 1545 1544
1323 1324 1342 1525
1323 1342 1341 1545
1323 1524 1525 1545
1342 1525 1546 1545
1323 1525 1342 1545
1324 1325 1342 1525
1325 1343 1342 1547
1325 1342 1525 1547
1325 1525 1526 1547
1342 1525 1547 1546
1325 1326 1344 1527
1325 1344 1343 1547
1325 1526 1527 1547
1344 1527 1548 1547
1325 1527 1344 1547
1326 1327 1344 1527
1327 1345 1344 1549
1327 1344 1527 1549
1327 1527 1528 1549
1344 1527 1549 1548
1327 1328 1346 1529
1327 1346 1345 1549
1327 1528 1529 1549
1346 1529 1550 1549
1327 1529 1346 1549
1328 1329 1346 1529
1329 1348 1346 1551
1329 1346 1529 1551
1329 1529 1530 1551
1346 1529 1551 1550
1332 1333 1553 1534
1332 1553 1552 1554
1332 1533 1534 1554
1553 1534 1555 1554
1332 1534 1553 1554
1333 1535 1553 1534
1535 1556 1553 1557
1535 1553 1534 1557
1535 1534 1536 1557
1553 1534 1557 1555
1335 1336 1350 1539
1336 1351 1350 1559
1336 1350 1539 1559
1336 1539 1540 1559
1350 1539 1559 1558
1336 1337 1352 1541
1336 1352 1351 1559
1336 1540 1541 1559
1352 1541 1560 1559
1336 1541 1352 1559
1337 1338 1352 1541
1338 1353 1352 1561
1338 1352 1541 1561
1338 1541 1542 1561
1352 1541 1561 1560
1338 1339 1354 1543
1338 1354 1353 1561
1338 1542 1543 1561
1354 1543 1562 1561
1338 1543 1354 1561
1339 1340 1354 1543
1340 1355 1354 1563
1340 1354 1543 1563
1340 1543 1544 1563
1354 1543 1563 1562
1340 1341 1356 1545
1340 1356 1355 1563
1340 1544 1545 1563
1356 1545 1564 1563
1340 1545 1356 1563
1341 1342 1356 1545
1342 1357 1356 1565
1342 1356 1545 1565
1342 1545 1546 1565
1356 1545 1565 1564
1342 1343 1358 1547
1342 1358 1357 1565
1342 1546 1547 1565
1358 1547 1566 1565
1342 1547 1358 1565
1343 1344 1358 1547
1344 1359 1358 1567
1344 1358 1547 1567
1344 1547 1548 1567
1358 1547 1567 1566
1344 1345 1360 1549
1344 1360 1359 1567
1344 1548 1549 1567
1360 1549 1568 1567
1344 1549 1360 1567
1350 1351 1362 1559
1350 1362 1361 1569
1350 1558 1559 1569
1362 1559 1570 1569
1350 1559 1362 1569
1351 1352 1362 1559
1352 1363 1362 1571
1352 1362 1559 1571
1352 1559 1560 1571
1362 1559 1571 1570
1352 1353 1364 1561
1352 1364 1363 1571
1352 1560 1561 1571
1364 1561 1572 1571
1352 1561 1364 1571
1353 1354 1364 1561
1354 1365 1364 1573
1354 1364 1561 1573
1354 1561 1562 1573
1364 1561 1573 1572
1354 1355 1366 1563
1354 1366 1365 1573
1354 1562 1563 1573
1366 1563 1574 1573
1354 1563 1366 1573
1355 1356 1366 1563
1356 1367 1366 1575
1356 1366 1563 1575
1356 1563 1564 1575
1366 1563 1575 1574
1356 1357 1368 1565
1356 1368 1367 1575
1356 1564 1565 1575
1368 1565 1576 1575
1356 1565 1368 1575
1357 1358 1368 1565
1358 1369 1368 1577
1358 1368 1565 1577
1358 1565 1566 1577
1368 1565 1577 1576
1362 1363 1373 1571
1362 1373 1372 1578
1362 1570 1571 1578
1373 1571 1579 1578
1362 1571 1373 1578
1363 1364 1373 1571
1364 1374 1373 1580
1364 1373 1571 1580
1364 1571 1572 1580
1373 1571 1580 1579
1364 1365 1375 1573
1364 1375 1374 1580
1364 1572 1573 1580
1375 1573 1581 1580
1364 1573 1375 1580
1365 1366 1375 1573
1366 1376 1375 1582
1366 1375 1573 1582
1366 1573 1574 1582
1375 1573 1582 1581
1366 1367 1377 1575
1366 1377 1376 1582
1366 1574 1575 1582
1377 1575 1583 1582
1366 1575 1377 1582
1367 1368 1377 1575
1368 1378 1377 1584
1368 1377 1575 1584
1368 1575 1576 1584
1377 1575 1584 1583
1389 1390 1404 1586
1389 1404 1403 1587
1389 1585 1586 1587
1404 1586 1588 1587
1389 1586 1404 1587
1390 1392 1404 1586
1392 1405 1404 1590
1392 1404 1586 1590
1392 1586 1589 1590
1404 1586 1590 1588
1392 1394 1406 1591
1392 1406 1405 1590
1392 1589 1591 1590
1406 1591 1592 1590
1392 1591 1406 1590
1394 1396 1406 1591
1396 1407 1406 1594
1396 1406 1591 1594
1396 1591 1593 1594
1406 1591 1594 1592
1396 1398 1408 1595
1396 1408 1407 1594
1396 1593 1595 1594
1408 1595 1596 1594
1396 1595 1408 1594
1398 1400 1408 1595
1400 1409 1408 1598
1400 1408 1595 1598
1400 1595 1597 1598
1408 1595 1598 1596
1400 1410 1411 1599
1400 1411 1409 1598
1400 1597 1599 1598
1411 1599 1600 1598
1400 1599 1411 1598
1410 1412 1411 1599
1412 1413 1411 1602
1412 1411 1599 1602
1412 1599 1601 1602
1411 1599 1602 1600
1412 1414 1415 1603
1412 1415 1413 1602
1412 1601 1603 1602
1415 1603 1604 1602
1412 1603 1415 1602
1414 1416 1415 1603
1416 1417 1415 1606
1416 1415 1603 1606
1416 1603 1605 1606
1415 1603 1606 1604
1416 1418 1419 1607
1416 1419 1417 1606
1416 1605 1607 1606
1419 1607 1608 1606
1416 1607 1419 1606
1402 1403 1427 1587
1402 1427 1426 1610
1402 1609 1587 1610
1427 1587 1611 1610
1402 1587 1427 1610
1403 1404 1427 1587
1404 1428 1427 1612
1404 1427 1587 1612
1404 1587 1588 1612
1427 1587 1612 1611
1404 1405 1429 1590
1404 1429 1428 1612
1404 1588 1590 1612
1429 1590 1613 1612
1404 1590 1429 1612
1405 1406 1429 1590
1406 1430 1429 1614
1406 1429 1590 1614
1406 1590 1592 1614
1429 1590 1614 1613
1406 1407 1431 1594
1406 1431 1430 1614
1406 1592 1594 1614
1431 1594 1615 1614
1406 1594 1431 1614
1407 1408 1431 1594
1408 1432 1431 1616
1408 1431 1594 1616
1408 1594 1596 1616
1431 1594 1616 1615
1408 1409 1433 1598
1408 1433 1432 1616
1408 1596 1598 1616
1433 1598 1617 1616
1408 1598 1433 1616
1409 1411 1433 1598
1411 1434 1433 1618
1411 1433 1598 1618
1411 1598 1600 1618
1433 1598 1618 1617
1411 1413 1435 1602
1411 1435 1434 1618
1411 1600 1602 1618
1435 1602 1619 1618
1411 1602 1435 1618
1413 1415 1435 1602
1415 1436 1435 1620
1415 1435 1602 1620
1415 1602 1604 1620
1435 1602 1620 1619
1415 1417 1437 1606
1415 1437 1436 1620
1415 1604 1606 1620
1437 1606 1621 1620
1415 1606 1437 1620
1417 1419 1437 1606
1419 1438 1437 1622
1419 1437 1606 1622
1419 1606 1608 1622
1437 1606 1622 1621
1419 1421 1439 1623
1419 1439 1438 1622
1419 1608 1623 1622
1439 1623 1624 1622
1419 1623 1439 1622
1425 1426 1444 1610
1425 1444 1443 1626
1425 1625 1610 1626
1444 1610 1627 1626
1425 1610 1444 1626
1426 1427 1444 1610
1427 1445 1444 1628
1427 1444 1610 1628
1427 1610 1611 1628
1444 1610 1628 1627
1427 1428 1446 1612
1427 1446 1445 1628
1427 1611 1612 1628
1446 1612 1629 1628
1427 1612 1446 1628
1428 1429 1446 1612
1429 1447 1446 1630
1429 1446 1612 1630
1429 1612 1613 1630
1446 1612 1630 1629
1429 1430 1448 1614
1429 1448 1447 1630
1429 1613 1614 1630
1448 1614 1631 1630
1429 1614 1448 1630
1430 1431 1448 1614
1431 1449 1448 1632
1431 1448 1614 1632
1431 1614 1615 1632
1448 1614 1632 1631
1431 1432 1450 1616
1431 1450 1449 1632
1431 1615 1616 1632
1450 1616 1633 1632
1431 1616 1450 1632
1432 1433 1450 1616
1433 1451 1450 1634
1433 1450 1616 1634
1433 1616 1617 1634
1450 1616 1634 1633
1433 1434 1452 1618
1433 1452 1451 1634
1433 1617 1618 1634
1452 1618 1635 1634
1433 1618 1452 1634
1434 1435 1452 1618
1435 1453 1452 1636
1435 1452 1618 1636
1435 1618 1619 1636
1452 1618 1636 1635
1435 1436 1454 1620
1435 1454 1453 1636
1435 1619 1620 1636
1454 1620 1637 1636
1435 1620 1454 1636
1436 1437 1454 1620
1437 1455 1454 1638
1437 1454 1620 1638
1437 1620 1621 1638
1454 1620 1638 1637
1437 1438 1456 1622
1437 1456 1455 1638
1437 1621 1622 1638
1456 1622 1639 1638
1437 1622 1456 1638
1438 1439 1456 1622
1439 1457 1456 1640
1439 1456 1622 1640
1439 1622 1624 1640
1456 1622 1640 1639
1442 1443 1462 1626
1442 1462 1461 1642
1442 1641 1626 1642
1462 1626 1643 1642
1442 1626 1462 1642
1443 1444 1462 1626
1444 1463 1462 1644
1444 1462 1626 1644
1444 1626 1627 1644
1462 1626 1644 1643
1444 1445 1464 1628
1444 1464 1463 1644
1444 1627 1628 1644
1464 1628 1645 1644
1444 1628 1464 1644
1445 1446 1464 1628
1446 1465 1464 1646
1446 1464 1628 1646
1446 1628 1629 1646
1464 1628 1646 1645
1446 1447 1466 1630
1446 1466 1465 1646
1446 1629 1630 1646
1466 1630 1647 1646
1446 1630 1466 1646
1447 1448 1466 1630
1448 1467 1466 1648
1448 1466 1630 1648
1448 1630 1631 1648
1466 1630 1648 1647
1448 1449 1468 1632
1448 1468 1467 1648
1448 1631 1632 1648
1468 1632 1649 1648
1448 1632 1468 1648
1449 1450 1468 1632
1450 1469 1468 1650
1450 1468 1632 1650
1450 1632 1633 1650
1468 1632 1650 1649
1450 1451 1470 1634
1450 1470 1469 1650
1450 1633 1634 1650
1470 1634 1651 1650
1450 1634 1470 1650
1451 1452 1470 1634
1452 1471 1470 1652
1452 1470 1634 1652
1452 1634 1635 1652
1470 1634 1652 1651
1452 1453 1472 1636
1452 1472 1471 1652
1452 1635 1636 1652
1472 1636 1653 1652
1452 1636 1472 1652
1453 1454 1472 1636
1454 1473 1472 1654
1454 1472 1636 1654
1454 1636 1637 1654
1472 1636 1654 1653
1454 1455 1474 1638
1454 1474 1473 1654
1454 1637 1638 1654
1474 1638 1655 1654
1454 1638 1474 1654
1455 1456 1474 1638
1456 1475 1474 1656
1456 1474 1638 1656
1456 1638 1639 1656
1474 1638 1656 1655
1456 1457 1476 1640
1456 1476 1475 1656
1456 1639 1640 1656
1476 1640 1657 1656
1456 1640 1476 1656
1461 1462 1479 1642
1462 1480 1479 1659
1462 1479 1642 1659
1462 1642 1643 1659
1479 1642 1659 1658
1462 1463 1481 1644
1462 1481 1480 1659
1462 1643 1644 1659
1481 1644 1660 1659
1462 1644 1481 1659
1463 1464 1481 1644
1464 1482 1481 1661
1464 1481 1644 1661
1464 1644 1645 1661
1481 1644 1661 1660
1464 1465 1483 1646
1464 1483 1482 1661
1464 1645 1646 1661
1483 1646 1662 1661
1464 1646 1483 1661
1465 1466 1483 1646
1466 1484 1483 1663
1466 1483 1646 1663
1466 1646 1647 1663
1483 1646 1663 1662
1466 1467 1485 1648
1466 1485 1484 1663
1466 1647 1648 1663
1485 1648 1664 1663
1466 1648 1485 1663
1467 1468 1485 1648
1468 1486 1485 1665
1468 1485 1648 1665
1468 1648 1649 1665
1485 1648 1665 1664
1468 1469 1487 1650
1468 1487 1486 1665
1468 1649 1650 1665
1487 1650 1666 1665
1468 1650 1487 1665
1469 1470 1487 1650
1470 1488 1487 1667
1470 1487 1650 1667
1470 1650 1651 1667
1487 1650 1667 1666
1470 1471 1489 1652
1470 1489 1488 1667
1470 1651 1652 1667
1489 1652 1668 1667
1470 1652 1489 1667
1471 1472 1489 1652
1472 1490 1489 1669
1472 1489 1652 1669
1472 1652 1653 1669
1489 1652 1669 1668
1472 1473 1491 1654
1472 1491 1490 1669
1472 1653 1654 1669
1491 1654 1670 1669
1472 1654 1491 1669
1473 1474 1491 1654
1474 1492 1491 1671
1474 1491 1654 1671
1474 1654 1655 1671
1491 1654 1671 1670
1474 1475 1493 1656
1474 1493 1492 1671
1474 1655 1656 1671
1493 1656 1672 1671
1474 1656 1493 1671
1475 1476 1493 1656
1476 1494 1493 1673
1476 1493 1656 1673
1476 1656 1657 1673
1493 1656 1673 1672
1479 1480 1502 1659
1479 1502 1501 1674
1479 1658 1659 1674
1502 1659 1675 1674
1479 1659 1502 1674
1480 1481 1502 1659
1481 1503 1502 1676
1481 1502 1659 1676
1481 1659 1660 1676
1502 1659 1676 1675
1481 1482 1504 1661
1481 1504 1503 1676
1481 1660 1661 1676
1504 1661 1677 1676
1481 1661 1504 1676
1482 1483 1504 1661
1483 1505 1504 1678
1483 1504 1661 1678
1483 1661 1662 1678
1504 1661 1678 1677
1483 1484 1506 1663
1483 1506 1505 1678
1483 1662 1663 1678
1506 1663 1679 1678
1483 1663 1506 1678
1484 1485 1506 1663
1485 1507 1506 1680
1485 1506 1663 1680
1485 1663 1664 1680
1506 1663 1680 1679
1485 1486 1508 1665
1485 1508 1507 1680
1485 1664 1665 1680
1508 1665 1681 1680
1485 1665 1508 1680
1486 1487 1508 1665
1487 1509 1508 1682
1487 1508 1665 1682
1487 1665 1666 1682
1508 1665 1682 1681
1487 1488 1510 1667
1487 1510 1509 1682
1487 1666 1667 1682
1510 1667 1683 1682
1487 1667 1510 1682
1488 1489 1510 1667
1489 1511 1510 1684
1489 1510 1667 1684
1489 1667 1668 1684
1510 1667 1684 1683
1489 1490 1512 1669
1489 1512 1511 1684
1489 1668 1669 1684
1512 1669 1685 1684
1489 1669 1512 1684
1490 1491 1512 1669
1491 1513 1512 1686
1491 1512 1669 1686
1491 1669 1670 1686
1512 1669 1686 1685
1491 1492 1514 1671
1491 1514 1513 1686
1491 1670 1671 1686
1514 1671 1687 1686
1491 1671 1514 1686
1492 1493 1514 1671
1493 1515 1514 1688
1493 1514 1671 1688
1493 1671 1672 1688
1514 1671 1688 1687
1493 1494 1516 1673
1493 1516 1515 1688
1493 1672 1673 1688
1516 1673 1689 1688
1493 1673 1516 1688
1494 1495 1516 1673
1495 1517 1516 1691
1495 1516 1673 1691
1495 1673 1690 1691
1516 1673 1691 1689
1501 1502 1519 1674
1502 1520 1519 1693
1502 1519 1674 1693
1502 1674 1675 1693
1519 1674 1693 1692
1502 1503 1521 1676
1502 1521 1520 1693
1502 1675 1676 1693
1521 1676 1694 1693
1502 1676 1521 1693
1503 1504 1521 1676
1504 1522 1521 1695
1504 1521 1676 1695
1504 1676 1677 1695
1521 1676 1695 1694
1504 1505 1523 1678
1504 1523 1522 1695
1504 1677 1678 1695
1523 1678 1696 1695
1504 1678 1523 1695
1505 1506 1523 1678
1506 1524 1523 1697
1506 1523 1678 1697
1506 1678 1679 1697
1523 1678 1697 1696
1506 1507 1525 1680
1506 1525 1524 1697
1506 1679 1680 1697
1525 1680 1698 1697
1506 1680 1525 1697
1507 1508 1525 1680
1508 1526 1525 1699
1508 1525 1680 1699
1508 1680 1681 1699
1525 1680 1699 1698
1508 1509 1527 1682
1508 1527 1526 1699
1508 1681 1682 1699
1527 1682 1700 1699
1508 1682 1527 1699
1509 1510 1527 1682
1510 1528 1527 1701
1510 1527 1682 1701
1510 1682 1683 1701
1527 1682 1701 1700
1510 1511 1529 1684
1510 1529 1528 1701
1510 1683 1684 1701
1529 1684 1702 1701
1510 1684 1529 1701
1511 1512 1529 1684
1512 1530 1529 1703
1512 1529 1684 1703
1512 1684 1685 1703
1529 1684 1703 1702
1512 1513 1532 1686
1512 1532 1530 1703
1512 1685 1686 1703
1532 1686 1704 1703
1512 1686 1532 1703
1513 1514 1532 1686
1514 1533 1532 1705
1514 1532 1686 1705
1514 1686 1687 1705
1532 1686 1705 1704
1514 1515 1534 1688
1514 1534 1533 1705
1514 1687 1688 1705
1534 1688 1706 1705
1514 1688 1534 1705
1515 1516 1534 1688
1516 1536 1534 1707
1516 1534 1688 1707
1516 1688 1689 1707
1534 1688 1707 1706
1516 1517 1538 1691
1516 1538 1536 1707
1516 1689 1691 1707
1538 1691 1708 1707
1516 1691 1538 1707
1519 1520 1541 1693
1519 1541 1540 1709
1519 1692 1693 1709
1541 1693 1710 1709
1519 1693 1541 1709
1520 1521 1541 1693
1521 1542 1541 1711
1521 1541 1693 1711
1521 1693 1694 1711
1541 1693 1711 1710
1521 1522 1543 1695
1521 1543 1542 1711
1521 1694 1695 1711
1543 1695 1712 1711
1521 1695 1543 1711
1522 1523 1543 1695
1523 1544 1543 1713
1523 1543 1695 1713
1523 1695 1696 1713
1543 1695 1713 1712
1523 1524 1545 1697
1523 1545 1544 1713
1523 1696 1697 1713
1545 1697 1714 1713
1523 1697 1545 1713
1524 1525 1545 1697
1525 1546 1545 1715
1525 1545 1697 1715
1525 1697 1698 1715
1545 1697 1715 1714
1525 1526 1547 1699
1525 1547 1546 1715
1525 1698 1699 1715
1547 1699 1716 1715
1525 1699 1547 1715
1526 1527 1547 1699
1527 1548 1547 1717
1527 1547 1699 1717
1527 1699 1700 1717
1547 1699 1717 1716
1527 1528 1549 1701
1527 1549 1548 1717
1527 1700 1701 1717
1549 1701 1718 1717
1527 1701 1549 1717
1528 1529 1549 1701
1529 1550 1549 1719
1529 1549 1701 1719
1529 1701 1702 1719
1549 1701 1719 1718
1533 1534 1554 1705
1534 1555 1554 1721
1534 1554 1705 1721
1534 1705 1706 1721
1554 1705 1721 1720
1534 1536 1557 1707
1534 1557 1555 1721
1534 1706 1707 1721
1557 1707 1722 1721
1534 1707 1557 1721
1540 1541 1559 1709
1541 1560 1559 1724
1541 1559 1709 1724
1541 1709 1710 1724
1559 1709 1724 1723
1541 1542 1561 1711
1541 1561 1560 1724
1541 1710 1711 1724
1561 1711 1725 1724
1541 1711 1561 1724
1542 1543 1561 1711
1543 1562 1561 1726
1543 1561 1711 1726
1543 1711 1712 1726
1561 1711 1726 1725
1543 1544 1563 1713
1543 1563 1562 1726
1543 1712 1713 1726
1563 1713 1727 1726
1543 1713 1563 1726
1544 1545 1563 1713
1545 1564 1563 1728
1545 1563 1713 1728
1545 1713 1714 1728
1563 1713 1728 1727
1545 1546 1565 1715
1545 1565 1564 1728
1545 1714 1715 1728
1565 1715 1729 1728
1545 1715 1565 1728
1546 1547 1565 1715
1547 1566 1565 1730
1547 1565 1715 1730
1547 1715 1716 1730
1565 1715 1730 1729
1547 1548 1567 1717
1547 1567 1566 1730
1547 1716 1717 1730
1567 1717 1731 1730
1547 1717 1567 1730
1561 1562 1573 1726
1561 1573 1572 1732
1561 1725 1726 1732
1573 1726 1733 1732
1561 1726 1573 1732
1562 1563 1573 1726
1563 1574 1573 1734
1563 1573 1726 1734
1563 1726 1727 1734
1573 1726 1734 1733
1563 1564 1575 1728
1563 1575 1574 1734
1563 1727 1728 1734
1575 1728 1735 1734
1563 1728 1575 1734
1597 1599 1598 1736
1599 1600 1598 1739
1599 1598 1736 1739
1599 1736 1737 1739
1598 1736 1739 1738
1599 1601 1602 1740
1599 1602 1600 1739
1599 1737 1740 1739
1602 1740 1741 1739
1599 1740 1602 1739
1601 1603 1602 1740
1603 1604 1602 1743
1603 1602 1740 1743
1603 1740 1742 1743
1602 1740 1743 1741
1588 1590 1612 1744
1590 1613 1612 1747
1590 1612 1744 1747
1590 1744 1745 1747
1612 1744 1747 1746
1590 1592 1614 1748
1590 1614 1613 1747
1590 1745 1748 1747
1614 1748 1749 1747
1590 1748 1614 1747
1592 1594 1614 1748
1594 1615 1614 1751
1594 1614 1748 1751
1594 1748 1750 1751
1614 1748 1751 1749
1594 1596 1616 1752
1594 1616 1615 1751
1594 1750 1752 1751
1616 1752 1753 1751
1594 1752 1616 1751
1596 1598 1616 1752
1598 1617 1616 1754
1598 1616 1752 1754
1598 1752 1738 1754
1616 1752 1754 1753
1598 1600 1618 1739
1598 1618 1617 1754
1598 1738 1739 1754
1618 1739 1755 1754
1598 1739 1618 1754
1600 1602 1618 1739
1602 1619 1618 1756
1602 1618 1739 1756
1602 1739 1741 1756
1618 1739 1756 1755
1602 1604 1620 1743
1602 1620 1619 1756
1602 1741 1743 1756
1620 1743 1757 1756
1602 1743 1620 1756
1611 1612 1628 1758
1612 1629 1628 1760
1612 1628 1758 1760
1612 1758 1746 1760
1628 1758 1760 1759
1612 1613 1630 1747
1612 1630 1629 1760
1612 1746 1747 1760
1630 1747 1761 1760
1612 1747 1630 1760
1613 1614 1630 1747
1614 1631 1630 1762
1614 1630 1747 1762
1614 1747 1749 1762
1630 1747 1762 1761
1614 1615 1632 1751
1614 1632 1631 1762
1614 1749 1751 1762
1632 1751 1763 1762
1614 1751 1632 1762
1615 1616 1632 1751
1616 1633 1632 1764
1616 1632 1751 1764
1616 1751 1753 1764
1632 1751 1764 1763
1616 1617 1634 1754
1616 1634 1633 1764
1616 1753 1754 1764
1634 1754 1765 1764
1616 1754 1634 1764
1617 1618 1634 1754
1618 1635 1634 1766
1618 1634 1754 1766
1618 1754 1755 1766
1634 1754 1766 1765
1618 1619 1636 1756
1618 1636 1635 1766
1618 1755 1756 1766
1636 1756 1767 1766
1618 1756 1636 1766
1619 1620 1636 1756
1620 1637 1636 1768
1620 1636 1756 1768
1620 1756 1757 1768
1636 1756 1768 1767
1620 1621 1638 1769
1620 1638 1637 1768
1620 1757 1769 1768
1638 1769 1770 1768
1620 1769 1638 1768
1627 1628 1644 1771
1628 1645 1644 1773
1628 1644 1771 1773
1628 1771 1759 1773
1644 1771 1773 1772
1628 1629 1646 1760
1628 1646 1645 1773
1628 1759 1760 1773
1646 1760 1774 1773
1628 1760 1646 1773
1629 1630 1646 1760
1630 1647 1646 1775
1630 1646 1760 1775
1630 1760 1761 1775
1646 1760 1775 1774
1630 1631 1648 1762
1630 1648 1647 1775
1630 1761 1762 1775
1648 1762 1776 1775
1630 1762 1648 1775
1631 1632 1648 1762
1632 1649 1648 1777
1632 1648 1762 1777
1632 1762 1763 1777
1648 1762 1777 1776
1632 1633 1650 1764
1632 1650 1649 1777
1632 1763 1764 1777
1650 1764 1778 1777
1632 1764 1650 1777
1633 1634 1650 1764
1634 1651 1650 1779
1634 1650 1764 1779
1634 1764 1765 1779
1650 1764 1779 1778
1634 1635 1652 1766
1634 1652 1651 1779
1634 1765 1766 1779
1652 1766 1780 1779
1634 1766 1652 1779
1635 1636 1652 1766
1636 1653 1652 1781
1636 1652 1766 1781
1636 1766 1767 1781
1652 1766 1781 1780
1636 1637 1654 1768
1636 1654 1653 1781
1636 1767 1768 1781
1654 1768 1782 1781
1636 1768 1654 1781
1637 1638 1654 1768
1638 1655 1654 1783
1638 1654 1768 1783
1638 1768 1770 1783
1654 1768 1783 1782
1644 1645 1661 1773
1644 1661 1660 1784
1644 1772 1773 1784
1661 1773 1785 1784
1644 1773 1661 1784
1645 1646 1661 1773
1646 1662 1661 1786
1646 1661 1773 1786
1646 1773 1774 1786
1661 1773 1786 1785
1646 1647 1663 1775
1646 1663 1662 1786
1646 1774 1775 1786
1663 1775 1787 1786
1646 1775 1663 1786
1647 1648 1663 1775
1648 1664 1663 1788
1648 1663 1775 1788
1648 1775 1776 1788
1663 1775 1788 1787
1648 1649 1665 1777
1648 1665 1664 1788
1648 1776 1777 1788
1665 1777 1789 1788
1648 1777 1665 1788
1649 1650 1665 1777
1650 1666 1665 1790
1650 1665 1777 1790
1650 1777 1778 1790
1665 1777 1790 1789
1650 1651 1667 1779
1650 1667 1666 1790
1650 1778 1779 1790
1667 1779 1791 1790
1650 1779 1667 1790
1651 1652 1667 1779
1652 1668 1667 1792
1652 1667 1779 1792
1652 1779 1780 1792
1667 1779 1792 1791
1652 1653 1669 1781
1652 1669 1668 1792
1652 1780 1781 1792
1669 1781 1793 1792
1652 1781 1669 1792
1653 1654 1669 1781
1654 1670 1669 1794
1654 1669 1781 1794
1654 1781 1782 1794
1669 1781 1794 1793
1654 1655 1671 1783
1654 1671 1670 1794
1654 1782 1783 1794
1671 1783 1795 1794
1654 1783 1671 1794
1660 1661 1676 1784
1661 1677 1676 1797
1661 1676 1784 1797
1661 1784 1785 1797
1676 1784 1797 1796
1661 1662 1678 1786
1661 1678 1677 1797
1661 1785 1786 1797
1678 1786 1798 1797
1661 1786 1678 1797
1662 1663 1678 1786
1663 1679 1678 1799
1663 1678 1786 1799
1663 1786 1787 1799
1678 1786 1799 1798
1663 1664 1680 1788
1663 1680 1679 1799
1663 1787 1788 1799
1680 1788 1800 1799
1663 1788 1680 1799
1664 1665 1680 1788
1665 1681 1680 1801
1665 1680 1788 1801
1665 1788 1789 1801
1680 1788 1801 1800
1665 1666 1682 1790
1665 1682 1681 1801
1665 1789 1790 1801
1682 1790 1802 1801
1665 1790 1682 1801
1666 1667 1682 1790
1667 1683 1682 1803
1667 1682 1790 1803
1667 1790 1791 1803
1682 1790 1803 1802
1667 1668 1684 1792
1667 1684 1683 1803
1667 1791 1792 1803
1684 1792 1804 1803
1667 1792 1684 1803
1668 1669 1684 1792
1669 1685 1684 1805
1669 1684 1792 1805
1669 1792 1793 1805
1684 1792 1805 1804
1669 1670 1686 1794
1669 1686 1685 1805
1669 1793 1794 1805
1686 1794 1806 1805
1669 1794 1686 1805
1670 1671 1686 1794
1671 1687 1686 1807
1671 1686 1794 1807
1671 1794 1795 1807
1686 1794 1807 1806
1676 1677 1695 1797
1676 1695 1694 1808
1676 1796 1797 1808
1695 1797 1809 1808
1676 1797 1695 1808
1677 1678 1695 1797
1678 1696 1695 1810
1678 1695 1797 1810
1678 1797 1798 1810
1695 1797 1810 1809
1678 1679 1697 1799
1678 1697 1696 1810
1678 1798 1799 1810
1697 1799 1811 1810
1678 1799 1697 1810
1679 1680 1697 1799
1680 1698 1697 1812
1680 1697 1799 1812
1680 1799 1800 1812
1697 1799 1812 1811
1680 1681 1699 1801
1680 1699 1698 1812
1680 1800 1801 1812
1699 1801 1813 1812
1680 1801 1699 1812
1681 1682 1699 1801
1682 1700 1699 1814
1682 1699 1801 1814
1682 1801 1802 1814
1699 1801 1814 1813
1682 1683 1701 1803
1682 1701 1700 1814
1682 1802 1803 1814
1701 1803 1815 1814
1682 1803 1701 1814
1683 1684 1701 1803
1684 1702 1701 1816
1684 1701 1803 1816
1684 1803 1804 1816
1701 1803 1816 1815
1684 1685 1703 1805
1684 1703 1702 1816
1684 1804 1805 1816
1703 1805 1817 1816
1684 1805 1703 1816
1694 1695 1711 1808
1695 1712 1711 1819
1695 1711 1808 1819
1695 1808 1809 1819
1711 1808 1819 1818
1695 1696 1713 1810
1695 1713 1712 1819
1695 1809 1810 1819
1713 1810 1820 1819
1695 1810 1713 1819
1696 1697 1713 1810
1697 1714 1713 1821
1697 1713 1810 1821
1697 1810 1811 1821
1713 1810 1821 1820
1697 1698 1715 1812
1697 1715 1714 1821
1697 1811 1812 1821
1715 1812 1822 1821
1697 1812 1715 1821
1698 1699 1715 1812
1699 1716 1715 1823
1699 1715 1812 1823
1699 1812 1813 1823
1715 1812 1823 1822
1699 1700 1717 1814
1699 1717 1716 1823
1699 1813 1814 1823
1717 1814 1824 1823
1699 1814 1717 1823
1762 1763 1777 1826
1762 1777 1776 1827
1762 1825 1826 1827
1777 1826 1828 1827
1762 1826 1777 1827
1763 1764 1777 1826
1764 1778 1777 1830
1764 1777 1826 1830
1764 1826 1829 1830
1777 1826 1830 1828
1764 1765 1779 1831
1764 1779 1778 1830
1764 1829 1831 1830
1779 1831 1832 1830
1764 1831 1779 1830
1776 1777 1788 1827
1777 1789 1788 1834
1777 1788 1827 1834
1777 1827 1828 1834
1788 1827 1834 1833
1777 1778 1790 1830
1777 1790 1789 1834
1777 1828 1830 1834
1790 1830 1835 1834
1777 1830 1790 1834
1778 1779 1790 1830
1779 1791 1790 1836
1779 1790 1830 1836
1779 1830 1832 1836
1790 1830 1836 1835
1779 1780 1792 1837
1779 1792 1791 1836
1779 1832 1837 1836
1792 1837 1838 1836
1779 1837 1792 1836
1788 1789 1801 1834
1788 1801 1800 1839
1788 1833 1834 1839
1801 1834 1840 1839
1788 1834 1801 1839
1789 1790 1801 1834
1790 1802 1801 1841
1790 1801 1834 1841
1790 1834 1835 1841
1801 1834 1841 1840
1790 1791 1803 1836
1790 1803 1802 1841
1790 1835 1836 1841
1803 1836 1842 1841
1790 1836 1803 1841
1791 1792 1803 1836
1792 1804 1803 1843
1792 1803 1836 1843
1792 1836 1838 1843
1803 1836 1843 1842

EDGES
0 1
0 2
0 4
1 2
1 3
1 4
1 5
1 7
1 8
1 9
1 10
2 3
2 4
2 6
2 7
2 12
2 13
2 14
3 7
3 9
3 13
4 5
4 6
4 7
4 26
4 36
4 37
4 38
4 39
4 43
5 7
5 10
5 26
5 39
6 7
6 14
6 43
7 9
7 10
7 11
7 13
7 14
7 15
7 17
7 39
7 43
7 44
7 45
7 49
8 9
8 10
9 10
9 11
9 13
9 16
9 17
10 11
10 26
10 27
10 31
10 33
10 39
10 40
10 41
10 42
10 45
10 46
11 17
11 45
11 46
12 13
12 14
12 18
13 14
13 15
13 16
13 17
13 18
13 19
13 21
13 22
14 15
14 18
14 20
14 21
14 43
14 48
14 49
14 53
15 17
15 21
15 49
16 17
16 22
17 21
17 22
17 23
17 45
17 46
17 49
17 50
17 51
17 52
17 55
17 56
18 19
18 20
18 21
19 21
19 22
20 21
20 53
21 22
21 23
21 49
21 53
21 54
21 55
21 58
21 59
21 60
22 23
23 55
23 56
23 59
24 25
24 26
24 28
25 26
25 27
25 28
25 29
25 31
25 32
25 33
25 34
26 27
26 28
26 30
26 31
26 36
26 37
26 39
27 31
27 33
28 29
28 30
28 31
28 64
28 65
28 66
28 68
28 69
28 77
29 31
29 34
29 65
29 69
30 31
30 37
30 39
30 77
31 33
31 34
31 35
31 39
31 40
31 42
31 69
31 77
31 78
31 79
31 85
32 33
32 34
33 34
33 35
33 41
33 42
34 35
34 65
34 69
34 70
34 71
34 72
34 73
34 74
34 76
34 79
34 80
35 42
35 79
35 80
36 37
37 38
37 39
37 77
37 82
37 83
38 39
38 43
38 83
39 40
39 43
39 44
39 45
39 77
39 83
39 84
39 85
39 90
40 42
40 45
40 85
41 42
41 46
42 45
42 46
42 47
42 79
42 80
42 85
42 86
42 87
42 88
42 92
42 93
43 44
43 48
43 49
43 83
43 89
43 90
43 95
44 45
44 49
44 90
45 46
45 47
45 49
45 50
45 52
45 85
45 90
45 91
45 92
45 97
46 47
46 51
46 52
47 52
47 92
47 93
48 49
48 53
48 95
49 50
49 53
49 54
49 55
49 90
49 95
49 96
49 97
49 102
50 52
50 55
50 97
51 52
51 56
52 55
52 56
52 57
52 92
52 93
52 97
52 98
52 99
52 100
52 104
52 105
53 54
53 60
53 95
53 101
53 102
53 107
53 108
54 55
54 60
54 102
55 56
55 57
55 59
55 60
55 61
55 63
55 97
55 102
55 103
55 104
55 110
56 57
56 59
56 62
56 63
57 63
57 104
57 105
58 59
58 60
59 60
59 61
59 62
59 63
60 61
60 102
60 107
60 108
60 109
60 110
60 112
60 113
60 114
61 63
61 110
61 113
62 63
63 104
63 110
63 111
64 65
64 66
65 66
65 67
65 69
65 70
65 71
66 67
66 68
66 69
66 120
66 129
66 130
67 69
67 71
67 116
67 120
68 69
68 77
68 130
68 136
69 71
69 72
69 77
69 78
69 79
69 120
69 130
69 131
69 132
69 140
70 71
70 73
71 72
71 73
71 75
71 76
71 116
71 117
71 119
71 120
71 121
71 122
71 124
71 132
72 76
72 79
72 132
73 74
73 75
73 76
74 76
74 80
75 76
75 122
75 124
75 126
76 79
76 80
76 81
76 124
76 126
76 132
76 133
76 134
76 135
76 142
76 143
77 78
77 82
77 83
77 84
77 85
77 130
77 136
77 138
77 139
77 140
77 146
78 79
78 85
78 140
79 80
79 81
79 85
79 86
79 88
79 132
79 140
79 141
79 142
79 148
80 81
80 87
80 88
81 88
81 142
81 143
82 83
82 136
82 138
83 84
83 89
83 90
83 138
83 145
83 146
83 150
84 85
84 90
84 146
85 86
85 90
85 91
85 92
85 140
85 146
85 147
85 148
85 152
86 88
86 92
86 148
87 88
87 93
88 92
88 93
88 94
88 142
88 148
88 149
88 154
89 90
89 95
89 150
90 91
90 95
90 96
90 97
90 146
90 150
90 151
90 152
90 156
91 92
91 97
91 152
92 93
92 94
92 97
92 98
92 100
92 148
92 152
92 153
92 154
92 158
93 94
93 99
93 100
94 100
94 154
95 96
95 101
95 102
95 150
95 155
95 156
95 160
96 97
96 102
96 156
97 98
97 102
97 103
97 104
97 152
97 156
97 157
97 158
97 162
98 100
98 104
98 158
99 100
99 105
100 104
100 105
100 106
100 154
100 158
100 159
100 164
101 102
101 108
101 160
102 103
102 108
102 109
102 110
102 156
102 160
102 161
102 162
102 166
103 104
103 110
103 162
104 105
104 106
104 110
104 111
104 158
104 162
104 163
104 164
104 168
105 106
106 164
107 108
108 109
108 160
108 165
108 166
109 110
109 114
109 166
110 111
110 113
110 114
110 115
110 162
110 166
110 167
110 168
110 170
110 171
111 168
111 171
112 113
112 114
113 114
113 115
114 115
114 166
114 169
114 170
115 170
115 171
116 117
116 118
116 119
116 120
117 119
117 122
118 119
118 120
118 182
118 184
119 120
119 121
119 122
119 123
119 124
119 173
119 174
119 175
119 177
119 178
119 184
119 187
120 121
120 129
120 130
120 131
120 132
120 182
120 184
120 185
120 186
120 187
120 191
121 124
121 132
121 187
122 123
122 124
122 125
122 126
122 127
123 124
123 127
123 174
123 178
124 126
124 127
124 128
124 132
124 133
124 135
124 178
124 187
124 188
124 189
124 193
125 126
125 127
126 127
126 128
126 134
126 135
127 128
127 174
127 178
127 179
127 180
127 181
127 189
128 135
128 189
129 130
129 182
129 185
130 131
130 136
130 137
130 138
130 139
130 140
130 185
130 190
130 191
130 195
130 197
131 132
131 140
131 191
132 133
132 140
132 141
132 142
132 187
132 191
132 192
132 193
132 199
133 135
133 142
133 193
134 135
134 143
135 142
135 143
135 144
135 189
135 193
135 194
135 201
136 137
136 138
137 138
137 195
138 139
138 145
138 146
138 195
138 196
138 197
138 202
139 140
139 146
139 197
140 141
140 146
140 147
140 148
140 191
140 197
140 198
140 199
140 204
141 142
141 148
141 199
142 143
142 144
142 148
142 149
142 193
142 199
142 200
142 201
142 206
142 207
143 144
144 201
144 207
145 146
145 150
145 202
146 147
146 150
146 151
146 152
146 197
146 202
146 203
146 204
146 210
147 148
147 152
147 204
148 149
148 152
148 153
148 154
148 199
148 204
148 205
148 206
148 212
149 154
149 206
149 207
150 151
150 155
150 156
150 202
150 209
150 210
150 216
150 217
150 218
150 220
151 152
151 156
151 210
152 153
152 156
152 157
152 158
152 204
152 210
152 211
152 212
152 222
153 154
153 158
153 212
154 158
154 159
154 206
154 207
154 212
154 213
154 214
154 215
154 224
154 225
155 156
155 160
155 217
155 220
156 157
156 160
156 161
156 162
156 210
156 220
156 221
156 222
156 228
157 158
157 162
157 222
158 159
158 162
158 163
158 164
158 212
158 222
158 223
158 224
158 230
159 164
159 224
159 225
160 161
160 165
160 166
160 220
160 227
160 228
160 232
161 162
161 166
161 228
162 163
162 166
162 167
162 168
162 222
162 228
162 229
162 230
162 234
163 164
163 168
163 230
164 168
164 224
164 230
164 231
164 236
164 237
165 166
165 232
165 238
166 167
166 169
166 170
166 228
166 232
166 233
166 234
166 238
166 240
167 168
167 170
167 234
168 170
168 171
168 172
168 230
168 234
168 235
168 236
168 237
168 242
169 170
169 238
169 240
170 171
170 172
170 234
170 240
170 241
170 242
171 172
172 242
173 174
173 175
174 175
174 176
174 178
174 179
174 180
175 176
175 177
175 178
175 184
175 243
175 244
175 245
175 247
175 248
176 178
176 180
176 248
177 178
177 184
177 187
177 247
178 180
178 181
178 187
178 188
178 189
178 247
178 248
178 249
178 251
178 260
179 180
180 181
180 248
180 250
180 251
180 252
180 253
180 254
181 189
181 251
181 253
182 183
182 184
182 185
183 184
183 185
183 256
184 185
184 186
184 187
184 243
184 244
184 246
184 247
184 256
184 258
185 186
185 190
185 191
185 195
185 256
185 257
185 258
185 264
185 265
185 267
186 187
186 191
186 258
187 188
187 191
187 192
187 193
187 247
187 258
187 259
187 260
187 269
188 189
188 193
188 260
189 193
189 194
189 251
189 253
189 260
189 261
189 262
189 263
189 271
190 191
190 195
190 197
190 267
191 192
191 197
191 198
191 199
191 258
191 267
191 268
191 269
191 274
192 193
192 199
192 269
193 194
193 199
193 200
193 201
193 260
193 269
193 270
193 271
193 276
194 201
194 271
195 196
195 197
195 264
195 265
195 266
195 267
195 272
196 197
196 202
196 272
196 278
197 198
197 202
197 203
197 204
197 267
197 272
197 273
197 274
197 283
198 199
198 204
198 274
199 200
199 204
199 205
199 206
199 269
199 274
199 275
199 276
199 285
200 201
200 206
200 276
201 206
201 207
201 208
201 271
201 276
201 277
201 287
201 288
201 289
201 290
202 203
202 209
202 210
202 218
202 272
202 278
202 279
202 281
202 282
202 283
202 293
203 204
203 210
203 283
204 205
204 210
204 211
204 212
204 274
204 283
204 284
204 285
204 295
205 206
205 212
205 285
206 207
206 208
206 212
206 213
206 215
206 276
206 285
206 286
206 287
206 297
207 208
207 214
207 215
208 215
208 287
208 289
209 210
209 218
209 220
209 293
210 211
210 220
210 221
210 222
210 283
210 293
210 294
210 295
210 303
211 212
211 222
211 295
212 213
212 222
212 223
212 224
212 285
212 295
212 296
212 297
212 305
213 215
213 224
213 297
214 215
214 225
215 224
215 225
215 226
215 287
215 289
215 297
215 298
215 299
215 300
215 307
215 308
216 217
216 218
217 218
217 219
217 220
218 219
218 220
218 279
218 281
218 292
218 293
218 301
219 220
219 301
219 310
220 221
220 227
220 228
220 293
220 301
220 302
220 303
220 310
220 312
221 222
221 228
221 303
222 223
222 228
222 229
222 230
222 295
222 303
222 304
222 305
222 314
223 224
223 230
223 305
224 225
224 226
224 230
224 231
224 297
224 305
224 306
224 307
224 316
224 317
225 226
226 307
226 308
226 317
227 228
227 232
227 310
227 312
228 229
228 232
228 233
228 234
228 303
228 312
228 313
228 314
228 322
229 230
229 234
229 314
230 231
230 234
230 235
230 237
230 305
230 314
230 315
230 316
230 324
231 237
231 316
231 317
232 233
232 238
232 239
232 240
232 310
232 312
232 319
232 320
232 321
232 322
232 326
233 234
233 240
233 322
234 235
234 240
234 241
234 242
234 314
234 322
234 323
234 324
234 328
235 237
235 242
235 324
236 237
237 242
237 316
237 324
237 325
237 330
237 331
238 239
238 240
239 240
239 326
240 241
240 322
240 326
240 327
240 328
240 332
240 333
240 334
241 242
241 328
241 333
242 324
242 328
242 329
242 330
242 331
242 333
242 336
242 337
243 244
244 245
244 246
244 247
244 348
244 349
244 350
245 247
245 248
245 349
246 247
246 256
246 258
246 350
247 248
247 249
247 258
247 259
247 260
247 349
247 350
247 351
247 353
247 361
248 249
248 250
248 251
248 342
248 349
248 352
248 353
249 251
249 260
249 353
250 251
250 254
250 338
250 342
251 253
251 254
251 255
251 260
251 261
251 263
251 342
251 353
251 354
251 355
251 363
252 253
252 254
253 254
253 255
253 262
253 263
254 255
254 338
254 339
254 341
254 342
254 343
254 344
254 345
254 347
254 355
254 356
255 263
255 355
255 356
256 257
256 258
256 350
256 358
256 359
257 258
257 265
257 267
257 359
258 259
258 267
258 268
258 269
258 350
258 359
258 360
258 361
258 368
259 260
259 269
259 361
260 261
260 269
260 270
260 271
260 353
260 361
260 362
260 363
260 370
261 263
261 271
261 363
262 263
263 271
263 355
263 363
263 364
263 372
263 373
264 265
265 266
265 267
265 359
265 365
265 366
266 267
266 272
266 366
266 374
267 268
267 272
267 273
267 274
267 359
267 366
267 367
267 368
267 378
268 269
268 274
268 368
269 270
269 274
269 275
269 276
269 361
269 368
269 369
269 370
269 380
270 271
270 276
270 370
271 276
271 277
271 290
271 363
271 370
271 371
271 372
271 373
271 382
272 273
272 278
272 280
272 281
272 282
272 283
272 366
272 374
272 376
272 377
272 378
272 385
273 274
273 283
273 378
274 275
274 283
274 284
274 285
274 368
274 378
274 379
274 380
274 387
275 276
275 285
275 380
276 277
276 285
276 286
276 287
276 370
276 380
276 381
276 382
276 389
277 287
277 290
277 382
278 279
278 280
278 281
279 281
280 281
280 374
280 376
281 282
281 292
281 293
281 376
281 384
281 385
281 396
282 283
282 293
282 385
283 284
283 293
283 294
283 295
283 378
283 385
283 386
283 387
283 398
284 285
284 295
284 387
285 286
285 295
285 296
285 297
285 380
285 387
285 388
285 389
285 400
286 287
286 297
286 389
287 289
287 290
287 291
287 297
287 298
287 300
287 382
287 389
287 390
287 391
287 402
288 289
288 290
289 290
289 291
289 299
289 300
290 291
290 372
290 373
290 382
290 383
290 391
290 392
290 393
290 394
291 300
291 391
291 393
292 293
292 301
292 396
293 294
293 301
293 302
293 303
293 385
293 396
293 397
293 398
293 407
294 295
294 303
294 398
295 296
295 303
295 304
295 305
295 387
295 398
295 399
295 400
295 409
296 297
296 305
296 400
297 298
297 305
297 306
297 307
297 389
297 400
297 401
297 402
297 411
298 300
298 307
298 402
299 300
299 308
300 307
300 308
300 309
300 391
300 393
300 402
300 403
300 404
300 405
300 413
300 414
301 302
301 310
301 311
301 312
301 396
301 406
301 407
301 416
302 303
302 312
302 407
303 304
303 312
303 313
303 314
303 398
303 407
303 408
303 409
303 418
304 305
304 314
304 409
305 306
305 314
305 315
305 316
305 400
305 409
305 410
305 411
305 420
306 307
306 316
306 411
307 308
307 309
307 316
307 317
307 318
307 402
307 411
307 412
307 413
307 422
307 423
308 309
309 413
309 414
309 423
310 311
310 312
310 319
310 320
311 312
311 320
311 416
312 313
312 320
312 321
312 322
312 407
312 416
312 417
312 418
312 426
313 314
313 322
313 418
314 315
314 322
314 323
314 324
314 409
314 418
314 419
314 420
314 428
315 316
315 324
315 420
316 317
316 318
316 324
316 325
316 411
316 420
316 421
316 422
316 430
316 431
317 318
318 422
318 423
318 431
319 320
320 321
320 326
320 416
320 425
320 426
320 433
320 434
321 322
321 326
321 426
322 323
322 326
322 327
322 328
322 418
322 426
322 427
322 428
322 436
323 324
323 328
323 428
324 325
324 328
324 329
324 331
324 420
324 428
324 429
324 430
324 438
325 331
325 430
325 431
326 327
326 334
326 426
326 433
326 434
326 435
326 436
326 440
326 441
327 328
327 334
327 436
328 329
328 333
328 334
328 335
328 337
328 428
328 436
328 437
328 438
328 443
329 331
329 337
329 438
330 331
331 337
331 430
331 438
331 439
331 445
331 446
332 333
332 334
333 334
333 335
333 336
333 337
334 335
334 436
334 440
334 441
334 442
334 443
334 447
334 448
334 449
335 337
335 443
335 448
336 337
337 438
337 443
337 444
337 445
337 446
337 448
337 451
337 452
338 339
338 340
338 341
338 342
339 341
339 344
340 341
340 342
340 459
340 462
341 342
341 343
341 344
341 346
341 347
341 462
341 464
341 465
341 466
342 343
342 352
342 353
342 354
342 355
342 459
342 461
342 462
342 463
342 465
342 478
343 347
343 355
343 465
344 345
344 346
344 347
345 347
345 356
346 347
346 466
346 468
347 355
347 356
347 357
347 465
347 466
347 467
347 468
347 469
347 471
347 480
347 481
348 349
348 350
348 453
348 457
348 472
349 350
349 351
349 352
349 353
349 453
349 454
349 456
349 457
349 458
349 459
349 461
349 476
350 351
350 358
350 359
350 360
350 361
350 457
350 472
350 474
350 475
350 476
350 487
351 353
351 361
351 476
352 353
352 459
352 461
353 354
353 361
353 362
353 363
353 461
353 476
353 477
353 478
353 489
354 355
354 363
354 478
355 356
355 357
355 363
355 364
355 465
355 478
355 479
355 480
355 491
355 492
356 357
357 480
357 481
357 492
358 359
358 472
358 474
358 483
359 360
359 365
359 366
359 367
359 368
359 474
359 483
359 485
359 486
359 487
359 498
360 361
360 368
360 487
361 362
361 368
361 369
361 370
361 476
361 487
361 488
361 489
361 500
362 363
362 370
362 489
363 364
363 370
363 371
363 373
363 478
363 489
363 490
363 491
363 502
364 373
364 491
364 492
365 366
365 483
365 485
365 494
366 367
366 374
366 375
366 376
366 377
366 378
366 485
366 494
366 496
366 497
366 498
366 507
367 368
367 378
367 498
368 369
368 378
368 379
368 380
368 487
368 498
368 499
368 500
368 509
369 370
369 380
369 500
370 371
370 380
370 381
370 382
370 489
370 500
370 501
370 502
370 511
371 373
371 382
371 502
372 373
373 382
373 383
373 394
373 491
373 492
373 502
373 503
373 504
373 505
373 513
374 375
374 376
375 376
375 494
375 496
376 377
376 384
376 385
376 496
376 506
376 507
376 515
377 378
377 385
377 507
378 379
378 385
378 386
378 387
378 498
378 507
378 508
378 509
378 517
379 380
379 387
379 509
380 381
380 387
380 388
380 389
380 500
380 509
380 510
380 511
380 519
381 382
381 389
381 511
382 383
382 389
382 390
382 391
382 502
382 511
382 512
382 513
382 521
383 391
383 394
383 513
384 385
384 396
384 515
385 386
385 396
385 397
385 398
385 507
385 515
385 516
385 517
385 529
386 387
386 398
386 517
387 388
387 398
387 399
387 400
387 509
387 517
387 518
387 519
387 531
388 389
388 400
388 519
389 390
389 400
389 401
389 402
389 511
389 519
389 520
389 521
389 533
390 391
390 402
390 521
391 393
391 394
391 395
391 402
391 403
391 405
391 513
391 521
391 522
391 523
391 535
392 393
392 394
393 394
393 395
393 404
393 405
394 395
394 504
394 505
394 513
394 514
394 523
394 524
394 525
394 526
395 405
395 523
395 525
396 397
396 406
396 407
396 515
396 528
396 529
396 543
397 398
397 407
397 529
398 399
398 407
398 408
398 409
398 517
398 529
398 530
398 531
398 545
399 400
399 409
399 531
400 401
400 409
400 410
400 411
400 519
400 531
400 532
400 533
400 547
401 402
401 411
401 533
402 403
402 411
402 412
402 413
402 521
402 533
402 534
402 535
402 549
403 405
403 413
403 535
404 405
404 414
405 413
405 414
405 415
405 523
405 525
405 535
405 536
405 537
405 538
405 551
405 552
406 407
406 416
406 543
407 408
407 416
407 417
407 418
407 529
407 543
407 544
407 545
407 557
408 409
408 418
408 545
409 410
409 418
409 419
409 420
409 531
409 545
409 546
409 547
409 559
410 411
410 420
410 547
411 412
411 420
411 421
411 422
411 533
411 547
411 548
411 549
411 561
412 413
412 422
412 549
413 414
413 415
413 422
413 423
413 424
413 535
413 549
413 550
413 551
413 563
413 564
414 415
415 551
415 552
415 564
416 417
416 425
416 426
416 543
416 556
416 557
416 566
417 418
417 426
417 557
418 419
418 426
418 427
418 428
418 545
418 557
418 558
418 559
418 568
419 420
419 428
419 559
420 421
420 428
420 429
420 430
420 547
420 559
420 560
420 561
420 570
421 422
421 430
421 561
422 423
422 424
422 430
422 431
422 432
422 549
422 561
422 562
422 563
422 572
422 573
423 424
424 563
424 564
424 573
425 426
425 434
425 566
426 427
426 434
426 435
426 436
426 557
426 566
426 567
426 568
426 576
427 428
427 436
427 568
428 429
428 436
428 437
428 438
428 559
428 568
428 569
428 570
428 578
429 430
429 438
429 570
430 431
430 432
430 438
430 439
430 561
430 570
430 571
430 572
430 580
430 581
431 432
432 572
432 573
432 581
433 434
434 435
434 566
434 575
434 576
435 436
435 441
435 576
436 437
436 441
436 442
436 443
436 568
436 576
436 577
436 578
436 584
437 438
437 443
437 578
438 439
438 443
438 444
438 446
438 570
438 578
438 579
438 580
438 586
439 446
439 580
439 581
440 441
441 442
441 576
441 583
441 584
442 443
442 449
442 584
443 444
443 448
443 449
443 450
443 452
443 578
443 584
443 585
443 586
443 591
444 446
444 452
444 586
445 446
446 452
446 580
446 581
446 586
446 587
446 588
446 589
446 593
446 594
446 595
447 448
447 449
448 449
448 450
448 451
448 452
449 450
449 584
449 590
449 591
450 452
450 591
451 452
452 586
452 591
452 592
452 593
452 594
453 454
453 455
453 456
453 457
454 456
454 459
455 456
455 457
455 609
456 457
456 458
456 459
456 460
456 461
456 601
456 609
456 610
456 612
457 458
457 472
457 473
457 474
457 475
457 476
457 609
457 611
457 612
457 623
457 625
458 461
458 476
458 612
459 460
459 461
459 462
460 461
460 462
460 597
460 601
461 462
461 463
461 476
461 477
461 478
461 601
461 612
461 613
461 614
461 627
462 463
462 464
462 465
462 597
462 598
462 600
462 601
462 602
462 603
462 605
462 614
463 465
463 478
463 614
464 465
464 466
464 603
464 605
465 466
465 467
465 478
465 479
465 480
465 605
465 614
465 615
465 616
465 629
466 467
466 468
466 470
466 471
466 603
466 605
466 606
466 607
466 608
466 616
466 617
467 471
467 480
467 616
468 469
468 470
468 471
469 471
469 481
470 471
470 617
470 619
471 480
471 481
471 482
471 616
471 617
471 618
471 619
471 620
471 622
471 631
471 632
472 473
472 474
473 474
473 623
474 475
474 483
474 484
474 485
474 486
474 487
474 623
474 624
474 625
474 634
474 636
475 476
475 487
475 625
476 477
476 487
476 488
476 489
476 612
476 625
476 626
476 627
476 638
477 478
477 489
477 627
478 479
478 489
478 490
478 491
478 614
478 627
478 628
478 629
478 640
479 480
479 491
479 629
480 481
480 482
480 491
480 492
480 493
480 616
480 629
480 630
480 631
480 642
480 643
481 482
482 631
482 632
482 643
483 484
483 485
484 485
484 634
485 486
485 494
485 495
485 496
485 497
485 498
485 634
485 635
485 636
485 647
485 649
486 487
486 498
486 636
487 488
487 498
487 499
487 500
487 625
487 636
487 637
487 638
487 651
488 489
488 500
488 638
489 490
489 500
489 501
489 502
489 627
489 638
489 639
489 640
489 653
490 491
490 502
490 640
491 492
491 493
491 502
491 503
491 505
491 629
491 640
491 641
491 642
491 655
492 493
492 504
492 505
493 505
493 642
493 643
494 495
494 496
495 496
495 647
496 497
496 506
496 507
496 647
496 648
496 649
496 661
497 498
497 507
497 649
498 499
498 507
498 508
498 509
498 636
498 649
498 650
498 651
498 663
499 500
499 509
499 651
500 501
500 509
500 510
500 511
500 638
500 651
500 652
500 653
500 665
501 502
501 511
501 653
502 503
502 511
502 512
502 513
502 640
502 653
502 654
502 655
502 667
503 505
503 513
503 655
504 505
505 513
505 514
505 526
505 642
505 643
505 655
505 656
505 657
505 658
505 669
506 507
506 515
506 661
507 508
507 515
507 516
507 517
507 649
507 661
507 662
507 663
507 672
508 509
508 517
508 663
509 510
509 517
509 518
509 519
509 651
509 663
509 664
509 665
509 674
510 511
510 519
510 665
511 512
511 519
511 520
511 521
511 653
511 665
511 666
511 667
511 676
512 513
512 521
512 667
513 514
513 521
513 522
513 523
513 655
513 667
513 668
513 669
513 678
514 523
514 526
514 669
515 516
515 528
515 529
515 661
515 671
515 672
515 684
516 517
516 529
516 672
517 518
517 529
517 530
517 531
517 663
517 672
517 673
517 674
517 686
518 519
518 531
518 674
519 520
519 531
519 532
519 533
519 665
519 674
519 675
519 676
519 688
520 521
520 533
520 676
521 522
521 533
521 534
521 535
521 667
521 676
521 677
521 678
521 690
522 523
522 535
522 678
523 525
523 526
523 527
523 535
523 536
523 538
523 669
523 678
523 679
523 680
523 692
524 525
524 526
525 526
525 527
525 537
525 538
525 539
525 540
525 541
526 527
526 541
526 657
526 658
526 669
526 670
526 680
526 681
526 682
527 538
527 541
527 680
528 529
528 543
528 684
528 699
529 530
529 543
529 544
529 545
529 672
529 684
529 685
529 686
529 704
530 531
530 545
530 686
531 532
531 545
531 546
531 547
531 674
531 686
531 687
531 688
531 706
532 533
532 547
532 688
533 534
533 547
533 548
533 549
533 676
533 688
533 689
533 690
533 708
534 535
534 549
534 690
535 536
535 549
535 550
535 551
535 678
535 690
535 691
535 692
535 710
536 538
536 551
536 692
537 538
537 540
537 552
538 540
538 541
538 542
538 551
538 552
538 553
538 555
538 680
538 692
538 693
538 694
538 712
539 540
539 541
540 541
540 542
540 552
540 554
540 555
541 542
541 680
541 681
541 682
541 683
541 694
541 695
541 696
541 697
542 555
542 694
542 696
543 544
543 556
543 557
543 684
543 699
543 700
543 702
543 703
543 704
543 716
544 545
544 557
544 704
545 546
545 557
545 558
545 559
545 686
545 704
545 705
545 706
545 718
546 547
546 559
546 706
547 548
547 559
547 560
547 561
547 688
547 706
547 707
547 708
547 720
548 549
548 561
548 708
549 550
549 561
549 562
549 563
549 690
549 708
549 709
549 710
549 722
550 551
550 563
550 710
551 552
551 553
551 563
551 564
551 565
551 692
551 710
551 711
551 712
551 724
551 725
552 553
552 554
552 555
553 555
553 712
553 725
554 555
555 694
555 696
555 712
555 713
555 714
555 715
555 725
555 727
555 728
556 557
556 566
556 716
557 558
557 566
557 567
557 568
557 704
557 716
557 717
557 718
557 730
558 559
558 568
558 718
559 560
559 568
559 569
559 570
559 706
559 718
559 719
559 720
559 732
560 561
560 570
560 720
561 562
561 570
561 571
561 572
561 708
561 720
561 721
561 722
561 734
562 563
562 572
562 722
563 564
563 565
563 572
563 573
563 574
563 710
563 722
563 723
563 724
563 736
563 737
564 565
565 724
565 725
565 737
566 567
566 575
566 576
566 716
566 729
566 730
566 739
567 568
567 576
567 730
568 569
568 576
568 577
568 578
568 718
568 730
568 731
568 732
568 741
569 570
569 578
569 732
570 571
570 578
570 579
570 580
570 720
570 732
570 733
570 734
570 743
571 572
571 580
571 734
572 573
572 574
572 580
572 581
572 582
572 722
572 734
572 735
572 736
572 745
572 746
573 574
574 736
574 737
574 746
575 576
575 739
576 577
576 583
576 584
576 730
576 739
576 740
576 741
576 750
577 578
577 584
577 741
578 579
578 584
578 585
578 586
578 732
578 741
578 742
578 743
578 752
579 580
579 586
579 743
580 581
580 582
580 586
580 587
580 589
580 734
580 743
580 744
580 745
580 754
581 582
581 588
581 589
582 589
582 745
582 746
583 584
583 750
584 585
584 590
584 591
584 741
584 750
584 751
584 752
584 760
585 586
585 591
585 752
586 587
586 591
586 592
586 594
586 743
586 752
586 753
586 754
586 762
587 589
587 594
587 754
588 589
588 595
589 594
589 595
589 596
589 745
589 746
589 754
589 755
589 756
589 757
589 764
589 765
590 591
590 760
591 592
591 752
591 760
591 761
591 762
592 594
592 762
593 594
593 595
594 595
594 596
594 754
594 762
594 763
594 764
595 596
596 764
596 765
597 598
597 599
597 600
597 601
598 600
598 603
599 600
599 601
599 767
599 769
600 601
600 602
600 603
600 604
600 605
600 769
600 772
600 773
600 774
601 602
601 610
601 612
601 613
601 614
601 767
601 769
601 770
601 771
601 773
601 787
602 605
602 614
602 773
603 604
603 605
603 606
603 607
604 605
604 607
604 774
605 607
605 608
605 614
605 615
605 616
605 773
605 774
605 775
605 777
605 789
606 607
607 608
607 617
607 774
607 776
607 777
607 778
607 779
608 616
608 617
608 777
609 610
609 611
609 612
609 770
609 784
609 785
610 612
610 767
610 770
611 612
611 623
611 625
611 785
612 613
612 625
612 626
612 627
612 770
612 785
612 786
612 787
612 808
613 614
613 627
613 787
614 615
614 627
614 628
614 629
614 773
614 787
614 788
614 789
614 810
615 616
615 629
615 789
616 617
616 618
616 629
616 630
616 631
616 777
616 789
616 790
616 791
616 812
617 618
617 619
617 621
617 622
617 777
617 778
617 779
617 780
617 781
617 783
617 791
618 622
618 631
618 791
619 620
619 621
619 622
620 622
620 632
621 622
621 781
621 783
621 793
622 631
622 632
622 633
622 783
622 791
622 792
622 793
622 794
622 796
622 814
622 815
623 624
623 625
623 785
623 805
623 806
624 625
624 634
624 636
624 806
625 626
625 636
625 637
625 638
625 785
625 806
625 807
625 808
625 824
626 627
626 638
626 808
627 628
627 638
627 639
627 640
627 787
627 808
627 809
627 810
627 826
628 629
628 640
628 810
629 630
629 640
629 641
629 642
629 789
629 810
629 811
629 812
629 828
630 631
630 642
630 812
631 632
631 633
631 642
631 643
631 644
631 646
631 791
631 812
631 813
631 814
631 830
632 633
632 643
632 645
632 646
633 646
633 814
633 815
634 635
634 636
634 806
634 821
634 822
635 636
635 647
635 649
635 822
636 637
636 649
636 650
636 651
636 806
636 822
636 823
636 824
636 835
637 638
637 651
637 824
638 639
638 651
638 652
638 653
638 808
638 824
638 825
638 826
638 837
639 640
639 653
639 826
640 641
640 653
640 654
640 655
640 810
640 826
640 827
640 828
640 839
641 642
641 655
641 828
642 643
642 644
642 655
642 656
642 658
642 812
642 828
642 829
642 830
642 841
643 644
643 645
643 646
643 657
643 658
643 659
644 646
644 658
644 830
645 646
645 659
646 658
646 659
646 660
646 814
646 830
646 831
646 843
647 648
647 649
647 822
647 832
647 833
648 649
648 661
648 833
649 650
649 661
649 662
649 663
649 822
649 833
649 834
649 835
649 845
650 651
650 663
650 835
651 652
651 663
651 664
651 665
651 824
651 835
651 836
651 837
651 847
652 653
652 665
652 837
653 654
653 665
653 666
653 667
653 826
653 837
653 838
653 839
653 849
654 655
654 667
654 839
655 656
655 667
655 668
655 669
655 828
655 839
655 840
655 841
655 851
656 658
656 669
656 841
657 658
657 659
658 659
658 660
658 669
658 670
658 682
658 830
658 841
658 842
658 843
658 853
659 660
660 682
660 843
661 662
661 671
661 672
661 833
661 844
661 845
661 855
662 663
662 672
662 845
663 664
663 672
663 673
663 674
663 835
663 845
663 846
663 847
663 857
664 665
664 674
664 847
665 666
665 674
665 675
665 676
665 837
665 847
665 848
665 849
665 859
666 667
666 676
666 849
667 668
667 676
667 677
667 678
667 839
667 849
667 850
667 851
667 861
668 669
668 678
668 851
669 670
669 678
669 679
669 680
669 841
669 851
669 852
669 853
669 863
670 680
670 682
670 853
671 672
671 684
671 855
672 673
672 684
672 685
672 686
672 845
672 855
672 856
672 857
672 874
673 674
673 686
673 857
674 675
674 686
674 687
674 688
674 847
674 857
674 858
674 859
674 876
675 676
675 688
675 859
676 677
676 688
676 689
676 690
676 849
676 859
676 860
676 861
676 878
677 678
677 690
677 861
678 679
678 690
678 691
678 692
678 851
678 861
678 862
678 863
678 880
679 680
679 692
679 863
680 682
680 683
680 692
680 693
680 694
680 853
680 863
680 864
680 865
680 882
681 682
682 683
682 697
682 843
682 853
682 854
682 865
682 866
682 867
683 694
683 697
683 865
684 685
684 699
684 701
684 702
684 703
684 704
684 855
684 873
684 874
684 887
684 889
685 686
685 704
685 874
686 687
686 704
686 705
686 706
686 857
686 874
686 875
686 876
686 891
687 688
687 706
687 876
688 689
688 706
688 707
688 708
688 859
688 876
688 877
688 878
688 893
689 690
689 708
689 878
690 691
690 708
690 709
690 710
690 861
690 878
690 879
690 880
690 895
691 692
691 710
691 880
692 693
692 710
692 711
692 712
692 863
692 880
692 881
692 882
692 897
693 694
693 712
693 882
694 696
694 697
694 698
694 712
694 713
694 715
694 865
694 882
694 883
694 884
694 899
695 696
695 697
696 697
696 698
696 714
696 715
697 698
697 865
697 866
697 867
697 868
697 869
697 870
697 872
697 884
697 885
698 715
698 884
698 885
699 700
699 701
699 702
700 702
701 702
701 887
702 703
702 716
702 887
702 888
702 889
702 903
702 904
703 704
703 716
703 889
704 705
704 716
704 717
704 718
704 874
704 889
704 890
704 891
704 906
705 706
705 718
705 891
706 707
706 718
706 719
706 720
706 876
706 891
706 892
706 893
706 908
707 708
707 720
707 893
708 709
708 720
708 721
708 722
708 878
708 893
708 894
708 895
708 910
709 710
709 722
709 895
710 711
710 722
710 723
710 724
710 880
710 895
710 896
710 897
710 912
711 712
711 724
711 897
712 713
712 724
712 725
712 726
712 728
712 882
712 897
712 898
712 899
712 914
713 715
713 728
713 899
714 715
715 728
715 884
715 885
715 899
715 900
715 901
715 902
715 916
715 917
716 717
716 729
716 730
716 889
716 903
716 904
716 905
716 906
716 918
717 718
717 730
717 906
718 719
718 730
718 731
718 732
718 891
718 906
718 907
718 908
718 920
719 720
719 732
719 908
720 721
720 732
720 733
720 734
720 893
720 908
720 909
720 910
720 922
721 722
721 734
721 910
722 723
722 734
722 735
722 736
722 895
722 910
722 911
722 912
722 924
723 724
723 736
723 912
724 725
724 726
724 736
724 737
724 738
724 897
724 912
724 913
724 914
724 926
724 927
725 726
725 727
725 728
726 728
726 914
726 927
727 728
728 899
728 914
728 915
728 916
728 917
729 730
729 739
729 918
730 731
730 739
730 740
730 741
730 906
730 918
730 919
730 920
730 930
731 732
731 741
731 920
732 733
732 741
732 742
732 743
732 908
732 920
732 921
732 922
732 932
733 734
733 743
733 922
734 735
734 743
734 744
734 745
734 910
734 922
734 923
734 924
734 934
735 736
735 745
735 924
736 737
736 738
736 745
736 746
736 747
736 749
736 912
736 924
736 925
736 926
736 936
737 738
737 746
737 748
737 749
738 749
738 926
738 927
739 740
739 918
739 929
739 930
740 741
740 750
740 930
741 742
741 750
741 751
741 752
741 920
741 930
741 931
741 932
741 941
742 743
742 752
742 932
743 744
743 752
743 753
743 754
743 922
743 932
743 933
743 934
743 943
744 745
744 754
744 934
745 746
745 747
745 754
745 755
745 757
745 924
745 934
745 935
745 936
745 945
746 747
746 748
746 749
746 756
746 757
746 758
747 749
747 757
747 936
748 749
748 758
749 757
749 758
749 759
749 926
749 927
749 936
749 937
749 938
749 939
749 947
750 751
750 930
750 940
750 941
751 752
751 760
751 941
752 753
752 760
752 761
752 762
752 932
752 941
752 942
752 943
752 949
753 754
753 762
753 943
754 755
754 762
754 763
754 764
754 934
754 943
754 944
754 945
754 951
755 757
755 764
755 945
756 757
756 758
756 765
757 758
757 759
757 764
757 765
757 766
757 936
757 945
757 946
757 947
757 953
758 759
759 947
760 761
760 941
760 948
760 949
761 762
761 949
762 763
762 943
762 949
762 950
762 951
763 764
763 951
764 765
764 766
764 945
764 951
764 952
764 953
765 766
766 953
767 768
767 769
767 770
768 769
768 770
768 954
769 770
769 771
769 772
769 773
769 954
769 955
769 957
769 958
770 771
770 784
770 785
770 786
770 787
770 954
770 956
770 957
770 968
770 970
771 773
771 787
771 957
772 773
772 774
772 958
773 774
773 775
773 787
773 788
773 789
773 957
773 958
773 959
773 961
773 972
774 775
774 776
774 777
774 958
774 960
774 961
774 962
775 777
775 789
775 961
776 777
776 779
776 962
777 779
777 780
777 789
777 790
777 791
777 961
777 962
777 963
777 965
777 974
778 779
778 781
779 780
779 781
779 782
779 783
779 962
779 964
779 965
779 966
780 783
780 791
780 965
781 782
781 783
782 783
782 966
783 791
783 792
783 793
783 795
783 796
783 965
783 966
783 967
783 976
783 977
784 785
784 968
785 786
785 805
785 806
785 807
785 808
785 968
785 969
785 970
785 995
785 997
786 787
786 808
786 970
787 788
787 808
787 809
787 810
787 957
787 970
787 971
787 972
787 999
788 789
788 810
788 972
789 790
789 810
789 811
789 812
789 961
789 972
789 973
789 974
789 1001
790 791
790 812
790 974
791 792
791 812
791 813
791 814
791 965
791 974
791 975
791 976
791 1003
792 796
792 814
792 976
793 794
793 795
793 796
793 797
793 798
793 799
794 796
794 798
794 815
795 796
795 799
795 977
796 798
796 799
796 800
796 814
796 815
796 816
796 818
796 976
796 977
796 978
796 980
796 1005
797 798
797 799
797 801
798 799
798 800
798 801
798 802
798 804
798 815
798 817
798 818
798 819
799 800
799 801
799 803
799 804
799 977
799 979
799 980
799 981
800 804
800 818
800 980
801 802
801 803
801 804
802 804
802 819
803 804
803 981
803 983
804 818
804 819
804 820
804 980
804 981
804 982
804 983
804 984
804 986
804 1007
804 1008
805 806
805 995
806 807
806 821
806 822
806 823
806 824
806 995
806 996
806 997
806 1012
806 1014
807 808
807 824
807 997
808 809
808 824
808 825
808 826
808 970
808 997
808 998
808 999
808 1016
809 810
809 826
809 999
810 811
810 826
810 827
810 828
810 972
810 999
810 1000
810 1001
810 1018
811 812
811 828
811 1001
812 813
812 828
812 829
812 830
812 974
812 1001
812 1002
812 1003
812 1020
813 814
813 830
813 1003
814 815
814 816
814 830
814 831
814 976
814 1003
814 1004
814 1005
814 1022
814 1023
815 816
815 817
815 818
816 818
816 1005
816 1023
817 818
817 819
818 819
818 820
818 980
818 1005
818 1006
818 1007
818 1023
818 1025
818 1026
818 1027
819 820
820 1007
820 1008
820 1027
821 822
821 1012
822 823
822 832
822 833
822 834
822 835
822 1012
822 1013
822 1014
822 1029
822 1031
823 824
823 835
823 1014
824 825
824 835
824 836
824 837
824 997
824 1014
824 1015
824 1016
824 1033
825 826
825 837
825 1016
826 827
826 837
826 838
826 839
826 999
826 1016
826 1017
826 1018
826 1035
827 828
827 839
827 1018
828 829
828 839
828 840
828 841
828 1001
828 1018
828 1019
828 1020
828 1037
829 830
829 841
829 1020
830 831
830 841
830 842
830 843
830 1003
830 1020
830 1021
830 1022
830 1039
831 843
831 1022
831 1023
832 833
832 1029
833 834
833 844
833 845
833 1029
833 1030
833 1031
833 1047
834 835
834 845
834 1031
835 836
835 845
835 846
835 847
835 1014
835 1031
835 1032
835 1033
835 1049
836 837
836 847
836 1033
837 838
837 847
837 848
837 849
837 1016
837 1033
837 1034
837 1035
837 1051
838 839
838 849
838 1035
839 840
839 849
839 850
839 851
839 1018
839 1035
839 1036
839 1037
839 1053
840 841
840 851
840 1037
841 842
841 851
841 852
841 853
841 1020
841 1037
841 1038
841 1039
841 1055
842 843
842 853
842 1039
843 853
843 854
843 867
843 1022
843 1023
843 1039
843 1040
843 1041
843 1042
843 1057
844 845
844 855
844 1047
845 846
845 855
845 856
845 857
845 1031
845 1047
845 1048
845 1049
845 1067
846 847
846 857
846 1049
847 848
847 857
847 858
847 859
847 1033
847 1049
847 1050
847 1051
847 1069
848 849
848 859
848 1051
849 850
849 859
849 860
849 861
849 1035
849 1051
849 1052
849 1053
849 1071
850 851
850 861
850 1053
851 852
851 861
851 862
851 863
851 1037
851 1053
851 1054
851 1055
851 1073
852 853
852 863
852 1055
853 854
853 863
853 864
853 865
853 1039
853 1055
853 1056
853 1057
853 1075
854 865
854 867
854 1057
855 856
855 873
855 874
855 1047
855 1066
855 1067
855 1081
856 857
856 874
856 1067
857 858
857 874
857 875
857 876
857 1049
857 1067
857 1068
857 1069
857 1083
858 859
858 876
858 1069
859 860
859 876
859 877
859 878
859 1051
859 1069
859 1070
859 1071
859 1085
860 861
860 878
860 1071
861 862
861 878
861 879
861 880
861 1053
861 1071
861 1072
861 1073
861 1087
862 863
862 880
862 1073
863 864
863 880
863 881
863 882
863 1055
863 1073
863 1074
863 1075
863 1089
864 865
864 882
864 1075
865 867
865 868
865 882
865 883
865 884
865 1057
865 1075
865 1076
865 1077
865 1091
866 867
866 869
867 868
867 869
867 871
867 872
867 1041
867 1042
867 1043
867 1057
867 1058
867 1059
867 1077
868 872
868 884
868 1077
869 870
869 871
869 872
870 872
870 885
871 872
871 1043
871 1059
871 1060
872 884
872 885
872 886
872 1059
872 1060
872 1077
872 1078
872 1079
872 1080
872 1093
872 1094
873 874
873 887
873 889
873 1081
874 875
874 889
874 890
874 891
874 1067
874 1081
874 1082
874 1083
874 1097
875 876
875 891
875 1083
876 877
876 891
876 892
876 893
876 1069
876 1083
876 1084
876 1085
876 1099
877 878
877 893
877 1085
878 879
878 893
878 894
878 895
878 1071
878 1085
878 1086
878 1087
878 1101
879 880
879 895
879 1087
880 881
880 895
880 896
880 897
880 1073
880 1087
880 1088
880 1089
880 1103
881 882
881 897
881 1089
882 883
882 897
882 898
882 899
882 1075
882 1089
882 1090
882 1091
882 1105
883 884
883 899
883 1091
884 885
884 886
884 899
884 900
884 902
884 1077
884 1091
884 1092
884 1093
884 1107
885 886
885 901
885 902
886 902
886 1093
886 1094
887 888
887 889
888 889
888 904
889 890
889 904
889 905
889 906
889 1081
889 1096
889 1097
889 1109
890 891
890 906
890 1097
891 892
891 906
891 907
891 908
891 1083
891 1097
891 1098
891 1099
891 1111
892 893
892 908
892 1099
893 894
893 908
893 909
893 910
893 1085
893 1099
893 1100
893 1101
893 1113
894 895
894 910
894 1101
895 896
895 910
895 911
895 912
895 1087
895 1101
895 1102
895 1103
895 1115
896 897
896 912
896 1103
897 898
897 912
897 913
897 914
897 1089
897 1103
897 1104
897 1105
897 1117
898 899
898 914
898 1105
899 900
899 914
899 915
899 917
899 1091
899 1105
899 1106
899 1107
899 1119
900 902
900 917
900 1107
901 902
902 1093
902 1107
902 1108
903 904
904 905
905 906
905 918
905 1109
906 907
906 918
906 919
906 920
906 1097
906 1109
906 1110
906 1111
906 1122
907 908
907 920
907 1111
908 909
908 920
908 921
908 922
908 1099
908 1111
908 1112
908 1113
908 1124
909 910
909 922
909 1113
910 911
910 922
910 923
910 924
910 1101
910 1113
910 1114
910 1115
910 1126
911 912
911 924
911 1115
912 913
912 924
912 925
912 926
912 1103
912 1115
912 1116
912 1117
912 1128
913 914
913 926
913 1117
914 915
914 926
914 927
914 928
914 1105
914 1117
914 1118
914 1119
914 1130
914 1131
915 917
915 1119
915 1131
916 917
917 1107
917 1119
917 1120
918 919
918 929
918 930
918 1109
918 1121
918 1122
918 1133
919 920
919 930
919 1122
920 921
920 930
920 931
920 932
920 1111
920 1122
920 1123
920 1124
920 1135
921 922
921 932
921 1124
922 923
922 932
922 933
922 934
922 1113
922 1124
922 1125
922 1126
922 1137
923 924
923 934
923 1126
924 925
924 934
924 935
924 936
924 1115
924 1126
924 1127
924 1128
924 1139
925 926
925 936
925 1128
926 927
926 928
926 936
926 937
926 939
926 1117
926 1128
926 1129
926 1130
926 1141
927 928
927 938
927 939
928 939
928 1130
928 1131
929 930
929 1133
930 931
930 940
930 941
930 1122
930 1133
930 1134
930 1135
930 1143
931 932
931 941
931 1135
932 933
932 941
932 942
932 943
932 1124
932 1135
932 1136
932 1137
932 1145
933 934
933 943
933 1137
934 935
934 943
934 944
934 945
934 1126
934 1137
934 1138
934 1139
934 1147
935 936
935 945
935 1139
936 937
936 945
936 946
936 947
936 1128
936 1139
936 1140
936 1141
936 1149
937 939
937 947
937 1141
938 939
939 1130
939 1141
939 1142
940 941
940 1143
941 942
941 948
941 949
941 1135
941 1143
941 1144
941 1145
942 943
942 949
942 1145
943 944
943 949
943 950
943 951
943 1137
943 1145
943 1146
943 1147
943 1152
944 945
944 951
944 1147
945 946
945 951
945 952
945 953
945 1139
945 1147
945 1148
945 1149
945 1154
946 947
946 953
946 1149
947 1141
947 1149
947 1150
948 949
949 950
949 1145
949 1151
949 1152
950 951
950 1152
951 952
951 1147
951 1152
951 1153
951 1154
952 953
952 1154
953 1149
953 1154
953 1155
954 955
954 956
954 957
954 1156
954 1157
954 1158
955 957
955 958
955 1157
956 957
956 968
956 970
956 1158
957 958
957 959
957 970
957 971
957 972
957 1157
957 1158
957 1159
957 1161
957 1176
958 959
958 960
958 961
958 1157
958 1160
958 1161
958 1162
959 961
959 972
959 1161
960 961
960 962
960 1162
961 962
961 963
961 972
961 973
961 974
961 1161
961 1162
961 1163
961 1165
961 1178
962 963
962 964
962 965
962 1162
962 1164
962 1165
962 1166
963 965
963 974
963 1165
964 965
964 966
964 1166
965 966
965 967
965 974
965 975
965 976
965 1165
965 1166
965 1167
965 1169
965 1180
966 967
966 977
966 1166
966 1168
966 1169
966 1170
966 1171
967 976
967 977
967 1169
968 969
968 970
968 1158
968 1173
968 1174
969 970
969 995
969 997
969 1174
970 971
970 997
970 998
970 999
970 1158
970 1174
970 1175
970 1176
970 1204
971 972
971 999
971 1176
972 973
972 999
972 1000
972 1001
972 1161
972 1176
972 1177
972 1178
972 1206
973 974
973 1001
973 1178
974 975
974 1001
974 1002
974 1003
974 1165
974 1178
974 1179
974 1180
974 1208
975 976
975 1003
975 1180
976 977
976 978
976 1003
976 1004
976 1005
976 1169
976 1180
976 1181
976 1182
976 1210
977 978
977 979
977 980
977 1169
977 1170
977 1171
977 1172
977 1182
977 1183
978 980
978 1005
978 1182
979 980
979 981
979 1183
980 981
980 982
980 1005
980 1006
980 1007
980 1182
980 1183
980 1184
980 1186
980 1212
981 982
981 983
981 985
981 986
981 1183
981 1185
981 1186
981 1187
982 986
982 1007
982 1186
983 984
983 985
983 986
983 987
983 988
983 989
984 986
984 988
984 1008
985 986
985 989
985 1187
986 988
986 989
986 990
986 1007
986 1008
986 1009
986 1011
986 1186
986 1187
986 1188
986 1190
986 1214
987 988
987 989
987 991
988 989
988 990
988 991
988 992
988 994
988 1008
988 1010
988 1011
989 990
989 991
989 993
989 994
989 1187
989 1189
989 1190
989 1191
990 994
990 1011
990 1190
991 992
991 993
991 994
992 994
993 994
993 1191
993 1193
994 1011
994 1190
994 1191
994 1192
994 1193
994 1194
994 1196
994 1216
994 1217
994 1218
995 996
995 997
995 1174
995 1201
995 1202
996 997
996 1012
996 1014
996 1202
997 998
997 1014
997 1015
997 1016
997 1174
997 1202
997 1203
997 1204
997 1225
998 999
998 1016
998 1204
999 1000
999 1016
999 1017
999 1018
999 1176
999 1204
999 1205
999 1206
999 1227
1000 1001
1000 1018
1000 1206
1001 1002
1001 1018
1001 1019
1001 1020
1001 1178
1001 1206
1001 1207
1001 1208
1001 1229
1002 1003
1002 1020
1002 1208
1003 1004
1003 1020
1003 1021
1003 1022
1003 1180
1003 1208
1003 1209
1003 1210
1003 1231
1004 1005
1004 1022
1004 1210
1005 1006
1005 1022
1005 1023
1005 1024
1005 1026
1005 1182
1005 1210
1005 1211
1005 1212
1005 1233
1006 1007
1006 1026
1006 1212
1007 1008
1007 1009
1007 1026
1007 1027
1007 1028
1007 1186
1007 1212
1007 1213
1007 1214
1007 1235
1007 1236
1008 1009
1008 1010
1008 1011
1009 1011
1009 1214
1009 1236
1010 1011
1011 1190
1011 1214
1011 1215
1011 1216
1011 1217
1011 1236
1011 1238
1011 1239
1011 1240
1012 1013
1012 1014
1012 1202
1012 1222
1012 1223
1013 1014
1013 1029
1013 1031
1013 1223
1014 1015
1014 1031
1014 1032
1014 1033
1014 1202
1014 1223
1014 1224
1014 1225
1014 1247
1015 1016
1015 1033
1015 1225
1016 1017
1016 1033
1016 1034
1016 1035
1016 1204
1016 1225
1016 1226
1016 1227
1016 1249
1017 1018
1017 1035
1017 1227
1018 1019
1018 1035
1018 1036
1018 1037
1018 1206
1018 1227
1018 1228
1018 1229
1018 1251
1019 1020
1019 1037
1019 1229
1020 1021
1020 1037
1020 1038
1020 1039
1020 1208
1020 1229
1020 1230
1020 1231
1020 1253
1021 1022
1021 1039
1021 1231
1022 1023
1022 1024
1022 1039
1022 1040
1022 1042
1022 1210
1022 1231
1022 1232
1022 1233
1022 1255
1023 1024
1023 1025
1023 1026
1023 1041
1023 1042
1023 1043
1024 1026
1024 1042
1024 1233
1025 1026
1025 1027
1025 1043
1026 1027
1026 1028
1026 1042
1026 1043
1026 1044
1026 1046
1026 1212
1026 1233
1026 1234
1026 1235
1026 1257
1027 1028
1027 1043
1027 1045
1027 1046
1028 1046
1028 1235
1028 1236
1029 1030
1029 1031
1030 1031
1030 1047
1030 1268
1031 1032
1031 1047
1031 1048
1031 1049
1031 1223
1031 1246
1031 1247
1031 1268
1031 1270
1032 1033
1032 1049
1032 1247
1033 1034
1033 1049
1033 1050
1033 1051
1033 1225
1033 1247
1033 1248
1033 1249
1033 1272
1034 1035
1034 1051
1034 1249
1035 1036
1035 1051
1035 1052
1035 1053
1035 1227
1035 1249
1035 1250
1035 1251
1035 1274
1036 1037
1036 1053
1036 1251
1037 1038
1037 1053
1037 1054
1037 1055
1037 1229
1037 1251
1037 1252
1037 1253
1037 1276
1038 1039
1038 1055
1038 1253
1039 1040
1039 1055
1039 1056
1039 1057
1039 1231
1039 1253
1039 1254
1039 1255
1039 1278
1040 1042
1040 1057
1040 1255
1041 1042
1041 1043
1042 1043
1042 1044
1042 1057
1042 1058
1042 1059
1042 1233
1042 1255
1042 1256
1042 1257
1042 1280
1043 1044
1043 1045
1043 1046
1043 1059
1043 1060
1044 1046
1044 1059
1044 1257
1045 1046
1045 1060
1045 1062
1046 1059
1046 1060
1046 1061
1046 1062
1046 1064
1046 1065
1046 1235
1046 1236
1046 1257
1046 1258
1046 1259
1046 1282
1047 1048
1047 1066
1047 1067
1047 1268
1047 1269
1047 1270
1047 1292
1048 1049
1048 1067
1048 1270
1049 1050
1049 1067
1049 1068
1049 1069
1049 1247
1049 1270
1049 1271
1049 1272
1049 1294
1050 1051
1050 1069
1050 1272
1051 1052
1051 1069
1051 1070
1051 1071
1051 1249
1051 1272
1051 1273
1051 1274
1051 1296
1052 1053
1052 1071
1052 1274
1053 1054
1053 1071
1053 1072
1053 1073
1053 1251
1053 1274
1053 1275
1053 1276
1053 1298
1054 1055
1054 1073
1054 1276
1055 1056
1055 1073
1055 1074
1055 1075
1055 1253
1055 1276
1055 1277
1055 1278
1055 1300
1056 1057
1056 1075
1056 1278
1057 1058
1057 1075
1057 1076
1057 1077
1057 1255
1057 1278
1057 1279
1057 1280
1057 1302
1058 1059
1058 1077
1058 1280
1059 1060
1059 1061
1059 1077
1059 1078
1059 1080
1059 1257
1059 1280
1059 1281
1059 1282
1059 1304
1060 1061
1060 1062
1060 1063
1060 1065
1060 1079
1060 1080
1061 1065
1061 1080
1061 1282
1062 1063
1062 1064
1062 1065
1063 1065
1064 1065
1064 1236
1064 1259
1064 1260
1065 1080
1065 1259
1065 1260
1065 1282
1065 1283
1065 1284
1065 1285
1065 1306
1065 1307
1065 1308
1066 1067
1066 1081
1066 1292
1067 1068
1067 1081
1067 1082
1067 1083
1067 1270
1067 1292
1067 1293
1067 1294
1067 1317
1068 1069
1068 1083
1068 1294
1069 1070
1069 1083
1069 1084
1069 1085
1069 1272
1069 1294
1069 1295
1069 1296
1069 1319
1070 1071
1070 1085
1070 1296
1071 1072
1071 1085
1071 1086
1071 1087
1071 1274
1071 1296
1071 1297
1071 1298
1071 1321
1072 1073
1072 1087
1072 1298
1073 1074
1073 1087
1073 1088
1073 1089
1073 1276
1073 1298
1073 1299
1073 1300
1073 1323
1074 1075
1074 1089
1074 1300
1075 1076
1075 1089
1075 1090
1075 1091
1075 1278
1075 1300
1075 1301
1075 1302
1075 1325
1076 1077
1076 1091
1076 1302
1077 1078
1077 1091
1077 1092
1077 1093
1077 1280
1077 1302
1077 1303
1077 1304
1077 1327
1078 1080
1078 1093
1078 1304
1079 1080
1079 1094
1080 1093
1080 1094
1080 1095
1080 1282
1080 1304
1080 1305
1080 1306
1080 1307
1080 1329
1081 1082
1081 1096
1081 1097
1081 1292
1081 1316
1081 1317
1081 1334
1082 1083
1082 1097
1082 1317
1083 1084
1083 1097
1083 1098
1083 1099
1083 1294
1083 1317
1083 1318
1083 1319
1083 1336
1084 1085
1084 1099
1084 1319
1085 1086
1085 1099
1085 1100
1085 1101
1085 1296
1085 1319
1085 1320
1085 1321
1085 1338
1086 1087
1086 1101
1086 1321
1087 1088
1087 1101
1087 1102
1087 1103
1087 1298
1087 1321
1087 1322
1087 1323
1087 1340
1088 1089
1088 1103
1088 1323
1089 1090
1089 1103
1089 1104
1089 1105
1089 1300
1089 1323
1089 1324
1089 1325
1089 1342
1090 1091
1090 1105
1090 1325
1091 1092
1091 1105
1091 1106
1091 1107
1091 1302
1091 1325
1091 1326
1091 1327
1091 1344
1092 1093
1092 1107
1092 1327
1093 1094
1093 1095
1093 1107
1093 1108
1093 1304
1093 1327
1093 1328
1093 1329
1093 1346
1093 1347
1094 1095
1095 1329
1095 1347
1096 1097
1096 1109
1096 1334
1097 1098
1097 1109
1097 1110
1097 1111
1097 1317
1097 1334
1097 1335
1097 1336
1097 1350
1098 1099
1098 1111
1098 1336
1099 1100
1099 1111
1099 1112
1099 1113
1099 1319
1099 1336
1099 1337
1099 1338
1099 1352
1100 1101
1100 1113
1100 1338
1101 1102
1101 1113
1101 1114
1101 1115
1101 1321
1101 1338
1101 1339
1101 1340
1101 1354
1102 1103
1102 1115
1102 1340
1103 1104
1103 1115
1103 1116
1103 1117
1103 1323
1103 1340
1103 1341
1103 1342
1103 1356
1104 1105
1104 1117
1104 1342
1105 1106
1105 1117
1105 1118
1105 1119
1105 1325
1105 1342
1105 1343
1105 1344
1105 1358
1106 1107
1106 1119
1106 1344
1107 1108
1107 1119
1107 1120
1107 1327
1107 1344
1107 1345
1107 1346
1107 1360
1108 1346
1108 1347
1109 1110
1109 1121
1109 1122
1109 1334
1109 1349
1109 1350
1110 1111
1110 1122
1110 1350
1111 1112
1111 1122
1111 1123
1111 1124
1111 1336
1111 1350
1111 1351
1111 1352
1111 1362
1112 1113
1112 1124
1112 1352
1113 1114
1113 1124
1113 1125
1113 1126
1113 1338
1113 1352
1113 1353
1113 1354
1113 1364
1114 1115
1114 1126
1114 1354
1115 1116
1115 1126
1115 1127
1115 1128
1115 1340
1115 1354
1115 1355
1115 1356
1115 1366
1116 1117
1116 1128
1116 1356
1117 1118
1117 1128
1117 1129
1117 1130
1117 1342
1117 1356
1117 1357
1117 1358
1117 1368
1118 1119
1118 1130
1118 1358
1119 1120
1119 1130
1119 1131
1119 1132
1119 1344
1119 1358
1119 1359
1119 1360
1119 1370
1120 1360
1121 1122
1121 1133
1122 1123
1122 1133
1122 1134
1122 1135
1122 1350
1122 1361
1122 1362
1122 1371
1123 1124
1123 1135
1123 1362
1124 1125
1124 1135
1124 1136
1124 1137
1124 1352
1124 1362
1124 1363
1124 1364
1124 1373
1125 1126
1125 1137
1125 1364
1126 1127
1126 1137
1126 1138
1126 1139
1126 1354
1126 1364
1126 1365
1126 1366
1126 1375
1127 1128
1127 1139
1127 1366
1128 1129
1128 1139
1128 1140
1128 1141
1128 1356
1128 1366
1128 1367
1128 1368
1128 1377
1129 1130
1129 1141
1129 1368
1130 1131
1130 1132
1130 1141
1130 1142
1130 1358
1130 1368
1130 1369
1130 1370
1130 1379
1131 1132
1132 1370
1133 1134
1134 1135
1134 1143
1134 1371
1135 1136
1135 1143
1135 1144
1135 1145
1135 1362
1135 1371
1135 1372
1135 1373
1135 1380
1136 1137
1136 1145
1136 1373
1137 1138
1137 1145
1137 1146
1137 1147
1137 1364
1137 1373
1137 1374
1137 1375
1137 1382
1138 1139
1138 1147
1138 1375
1139 1140
1139 1147
1139 1148
1139 1149
1139 1366
1139 1375
1139 1376
1139 1377
1139 1384
1140 1141
1140 1149
1140 1377
1141 1142
1141 1149
1141 1150
1141 1368
1141 1377
1141 1378
1141 1379
1141 1386
1142 1379
1143 1144
1144 1145
1144 1380
1145 1146
1145 1151
1145 1152
1145 1373
1145 1380
1145 1381
1145 1382
1146 1147
1146 1152
1146 1382
1147 1148
1147 1152
1147 1153
1147 1154
1147 1375
1147 1382
1147 1383
1147 1384
1148 1149
1148 1154
1148 1384
1149 1150
1149 1154
1149 1155
1149 1377
1149 1384
1149 1385
1149 1386
1150 1386
1151 1152
1152 1153
1153 1154
1154 1155
1156 1157
1156 1158
1157 1158
1157 1159
1157 1160
1157 1161
1157 1387
1157 1388
1157 1389
1158 1159
1158 1173
1158 1174
1158 1175
1158 1176
1158 1389
1158 1401
1158 1402
1159 1161
1159 1176
1159 1389
1160 1161
1160 1162
1160 1388
1161 1162
1161 1163
1161 1176
1161 1177
1161 1178
1161 1388
1161 1389
1161 1390
1161 1392
1161 1404
1162 1163
1162 1164
1162 1165
1162 1388
1162 1391
1162 1392
1162 1393
1163 1165
1163 1178
1163 1392
1164 1165
1164 1166
1164 1393
1165 1166
1165 1167
1165 1178
1165 1179
1165 1180
1165 1392
1165 1393
1165 1394
1165 1396
1165 1406
1166 1167
1166 1168
1166 1169
1166 1393
1166 1395
1166 1396
1166 1397
1167 1169
1167 1180
1167 1396
1168 1169
1168 1171
1168 1397
1169 1171
1169 1172
1169 1180
1169 1181
1169 1182
1169 1396
1169 1397
1169 1398
1169 1400
1169 1408
1170 1171
1171 1172
1171 1397
1171 1399
1171 1400
1172 1182
1172 1183
1172 1400
1173 1174
1174 1175
1174 1201
1174 1202
1174 1203
1174 1204
1174 1402
1174 1424
1174 1425
1175 1176
1175 1204
1175 1402
1176 1177
1176 1204
1176 1205
1176 1206
1176 1389
1176 1402
1176 1403
1176 1404
1176 1427
1177 1178
1177 1206
1177 1404
1178 1179
1178 1206
1178 1207
1178 1208
1178 1392
1178 1404
1178 1405
1178 1406
1178 1429
1179 1180
1179 1208
1179 1406
1180 1181
1180 1208
1180 1209
1180 1210
1180 1396
1180 1406
1180 1407
1180 1408
1180 1431
1181 1182
1181 1210
1181 1408
1182 1183
1182 1184
1182 1210
1182 1211
1182 1212
1182 1400
1182 1408
1182 1409
1182 1411
1182 1433
1183 1184
1183 1185
1183 1186
1183 1400
1183 1410
1183 1411
1183 1412
1184 1186
1184 1212
1184 1411
1185 1186
1185 1187
1185 1412
1186 1187
1186 1188
1186 1212
1186 1213
1186 1214
1186 1411
1186 1412
1186 1413
1186 1415
1186 1435
1187 1188
1187 1189
1187 1190
1187 1412
1187 1414
1187 1415
1187 1416
1188 1190
1188 1214
1188 1415
1189 1190
1189 1191
1189 1416
1190 1191
1190 1192
1190 1214
1190 1215
1190 1217
1190 1415
1190 1416
1190 1417
1190 1419
1190 1437
1191 1192
1191 1193
1191 1195
1191 1196
1191 1416
1191 1418
1191 1419
1191 1420
1192 1196
1192 1217
1192 1419
1193 1194
1193 1195
1193 1196
1193 1197
1193 1198
1193 1199
1194 1196
1194 1198
1194 1218
1195 1196
1195 1199
1195 1420
1196 1198
1196 1199
1196 1200
1196 1217
1196 1218
1196 1219
1196 1221
1196 1419
1196 1420
1196 1421
1196 1423
1196 1439
1197 1198
1197 1199
1198 1199
1198 1200
1198 1218
1198 1220
1198 1221
1199 1200
1199 1420
1199 1422
1199 1423
1200 1221
1200 1423
1201 1202
1202 1203
1202 1222
1202 1223
1202 1224
1202 1225
1202 1425
1202 1441
1202 1442
1203 1204
1203 1225
1203 1425
1204 1205
1204 1225
1204 1226
1204 1227
1204 1402
1204 1425
1204 1426
1204 1427
1204 1444
1205 1206
1205 1227
1205 1427
1206 1207
1206 1227
1206 1228
1206 1229
1206 1404
1206 1427
1206 1428
1206 1429
1206 1446
1207 1208
1207 1229
1207 1429
1208 1209
1208 1229
1208 1230
1208 1231
1208 1406
1208 1429
1208 1430
1208 1431
1208 1448
1209 1210
1209 1231
1209 1431
1210 1211
1210 1231
1210 1232
1210 1233
1210 1408
1210 1431
1210 1432
1210 1433
1210 1450
1211 1212
1211 1233
1211 1433
1212 1213
1212 1233
1212 1234
1212 1235
1212 1411
1212 1433
1212 1434
1212 1435
1212 1452
1213 1214
1213 1235
1213 1435
1214 1215
1214 1235
1214 1236
1214 1237
1214 1239
1214 1415
1214 1435
1214 1436
1214 1437
1214 1454
1215 1217
1215 1239
1215 1437
1216 1217
1216 1218
1216 1240
1217 1218
1217 1219
1217 1239
1217 1240
1217 1241
1217 1243
1217 1419
1217 1437
1217 1438
1217 1439
1217 1456
1218 1219
1218 1220
1218 1221
1218 1240
1218 1242
1218 1243
1218 1244
1219 1221
1219 1243
1219 1439
1220 1221
1220 1244
1221 1243
1221 1244
1221 1245
1221 1423
1221 1439
1221 1440
1221 1458
1222 1223
1223 1224
1223 1246
1223 1247
1223 1442
1223 1459
1223 1460
1224 1225
1224 1247
1224 1442
1225 1226
1225 1247
1225 1248
1225 1249
1225 1425
1225 1442
1225 1443
1225 1444
1225 1462
1226 1227
1226 1249
1226 1444
1227 1228
1227 1249
1227 1250
1227 1251
1227 1427
1227 1444
1227 1445
1227 1446
1227 1464
1228 1229
1228 1251
1228 1446
1229 1230
1229 1251
1229 1252
1229 1253
1229 1429
1229 1446
1229 1447
1229 1448
1229 1466
1230 1231
1230 1253
1230 1448
1231 1232
1231 1253
1231 1254
1231 1255
1231 1431
1231 1448
1231 1449
1231 1450
1231 1468
1232 1233
1232 1255
1232 1450
1233 1234
1233 1255
1233 1256
1233 1257
1233 1433
1233 1450
1233 1451
1233 1452
1233 1470
1234 1235
1234 1257
1234 1452
1235 1236
1235 1237
1235 1257
1235 1258
1235 1259
1235 1435
1235 1452
1235 1453
1235 1454
1235 1472
1236 1237
1236 1238
1236 1239
1236 1259
1236 1260
1237 1239
1237 1259
1237 1454
1238 1239
1238 1240
1238 1260
1239 1240
1239 1241
1239 1259
1239 1260
1239 1261
1239 1263
1239 1437
1239 1454
1239 1455
1239 1456
1239 1474
1240 1241
1240 1242
1240 1243
1240 1260
1240 1262
1240 1263
1240 1264
1241 1243
1241 1263
1241 1456
1242 1243
1242 1244
1242 1264
1243 1244
1243 1245
1243 1263
1243 1264
1243 1265
1243 1267
1243 1439
1243 1456
1243 1457
1243 1458
1243 1476
1244 1245
1244 1264
1244 1266
1244 1267
1245 1267
1245 1458
1246 1247
1246 1268
1246 1270
1246 1460
1247 1248
1247 1270
1247 1271
1247 1272
1247 1442
1247 1460
1247 1461
1247 1462
1247 1479
1248 1249
1248 1272
1248 1462
1249 1250
1249 1272
1249 1273
1249 1274
1249 1444
1249 1462
1249 1463
1249 1464
1249 1481
1250 1251
1250 1274
1250 1464
1251 1252
1251 1274
1251 1275
1251 1276
1251 1446
1251 1464
1251 1465
1251 1466
1251 1483
1252 1253
1252 1276
1252 1466
1253 1254
1253 1276
1253 1277
1253 1278
1253 1448
1253 1466
1253 1467
1253 1468
1253 1485
1254 1255
1254 1278
1254 1468
1255 1256
1255 1278
1255 1279
1255 1280
1255 1450
1255 1468
1255 1469
1255 1470
1255 1487
1256 1257
1256 1280
1256 1470
1257 1258
1257 1280
1257 1281
1257 1282
1257 1452
1257 1470
1257 1471
1257 1472
1257 1489
1258 1259
1258 1282
1258 1472
1259 1260
1259 1261
1259 1282
1259 1283
1259 1285
1259 1454
1259 1472
1259 1473
1259 1474
1259 1491
1260 1261
1260 1262
1260 1263
1260 1284
1260 1285
1260 1286
1261 1263
1261 1285
1261 1474
1262 1263
1262 1264
1262 1286
1263 1264
1263 1265
1263 1285
1263 1286
1263 1287
1263 1289
1263 1456
1263 1474
1263 1475
1263 1476
1263 1493
1264 1265
1264 1266
1264 1267
1264 1286
1264 1288
1264 1289
1264 1290
1265 1267
1265 1289
1265 1476
1266 1267
1266 1290
1267 1289
1267 1290
1267 1291
1267 1458
1267 1476
1267 1477
1267 1495
1267 1496
1267 1497
1267 1498
1268 1269
1268 1270
1269 1270
1269 1292
1270 1271
1270 1292
1270 1293
1270 1294
1270 1460
1270 1478
1270 1479
1270 1500
1271 1272
1271 1294
1271 1479
1272 1273
1272 1294
1272 1295
1272 1296
1272 1462
1272 1479
1272 1480
1272 1481
1272 1502
1273 1274
1273 1296
1273 1481
1274 1275
1274 1296
1274 1297
1274 1298
1274 1464
1274 1481
1274 1482
1274 1483
1274 1504
1275 1276
1275 1298
1275 1483
1276 1277
1276 1298
1276 1299
1276 1300
1276 1466
1276 1483
1276 1484
1276 1485
1276 1506
1277 1278
1277 1300
1277 1485
1278 1279
1278 1300
1278 1301
1278 1302
1278 1468
1278 1485
1278 1486
1278 1487
1278 1508
1279 1280
1279 1302
1279 1487
1280 1281
1280 1302
1280 1303
1280 1304
1280 1470
1280 1487
1280 1488
1280 1489
1280 1510
1281 1282
1281 1304
1281 1489
1282 1283
1282 1304
1282 1305
1282 1307
1282 1472
1282 1489
1282 1490
1282 1491
1282 1512
1283 1285
1283 1307
1283 1491
1284 1285
1284 1286
1284 1308
1285 1286
1285 1287
1285 1307
1285 1308
1285 1309
1285 1311
1285 1474
1285 1491
1285 1492
1285 1493
1285 1514
1286 1287
1286 1288
1286 1289
1286 1308
1286 1310
1286 1311
1286 1312
1287 1289
1287 1311
1287 1493
1288 1289
1288 1290
1288 1312
1289 1290
1289 1291
1289 1311
1289 1312
1289 1313
1289 1315
1289 1476
1289 1493
1289 1494
1289 1495
1289 1516
1290 1291
1290 1312
1290 1314
1290 1315
1291 1315
1291 1495
1291 1497
1292 1293
1292 1316
1292 1317
1293 1294
1293 1317
1293 1500
1294 1295
1294 1317
1294 1318
1294 1319
1294 1479
1294 1500
1294 1501
1294 1502
1294 1519
1295 1296
1295 1319
1295 1502
1296 1297
1296 1319
1296 1320
1296 1321
1296 1481
1296 1502
1296 1503
1296 1504
1296 1521
1297 1298
1297 1321
1297 1504
1298 1299
1298 1321
1298 1322
1298 1323
1298 1483
1298 1504
1298 1505
1298 1506
1298 1523
1299 1300
1299 1323
1299 1506
1300 1301
1300 1323
1300 1324
1300 1325
1300 1485
1300 1506
1300 1507
1300 1508
1300 1525
1301 1302
1301 1325
1301 1508
1302 1303
1302 1325
1302 1326
1302 1327
1302 1487
1302 1508
1302 1509
1302 1510
1302 1527
1303 1304
1303 1327
1303 1510
1304 1305
1304 1327
1304 1328
1304 1329
1304 1489
1304 1510
1304 1511
1304 1512
1304 1529
1305 1307
1305 1329
1305 1512
1306 1307
1306 1308
1307 1308
1307 1309
1307 1329
1307 1332
1307 1491
1307 1512
1307 1513
1307 1514
1307 1531
1307 1532
1308 1309
1308 1310
1308 1311
1308 1330
1308 1331
1308 1332
1309 1311
1309 1332
1309 1514
1310 1311
1310 1312
1310 1331
1311 1312
1311 1313
1311 1331
1311 1332
1311 1333
1311 1493
1311 1514
1311 1515
1311 1516
1311 1534
1311 1535
1312 1313
1312 1314
1312 1315
1313 1315
1313 1516
1313 1535
1314 1315
1315 1495
1315 1516
1315 1517
1315 1535
1315 1537
1315 1538
1316 1317
1316 1334
1317 1318
1317 1334
1317 1335
1317 1336
1317 1500
1317 1518
1317 1519
1317 1539
1318 1319
1318 1336
1318 1519
1319 1320
1319 1336
1319 1337
1319 1338
1319 1502
1319 1519
1319 1520
1319 1521
1319 1541
1320 1321
1320 1338
1320 1521
1321 1322
1321 1338
1321 1339
1321 1340
1321 1504
1321 1521
1321 1522
1321 1523
1321 1543
1322 1323
1322 1340
1322 1523
1323 1324
1323 1340
1323 1341
1323 1342
1323 1506
1323 1523
1323 1524
1323 1525
1323 1545
1324 1325
1324 1342
1324 1525
1325 1326
1325 1342
1325 1343
1325 1344
1325 1508
1325 1525
1325 1526
1325 1527
1325 1547
1326 1327
1326 1344
1326 1527
1327 1328
1327 1344
1327 1345
1327 1346
1327 1510
1327 1527
1327 1528
1327 1529
1327 1549
1328 1329
1328 1346
1328 1529
1329 1346
1329 1347
1329 1348
1329 1512
1329 1529
1329 1530
1329 1531
1329 1532
1329 1551
1330 1331
1330 1332
1331 1332
1331 1333
1332 1333
1332 1514
1332 1531
1332 1532
1332 1533
1332 1534
1332 1552
1332 1553
1332 1554
1333 1534
1333 1535
1333 1553
1334 1335
1334 1349
1334 1350
1335 1336
1335 1350
1335 1539
1336 1337
1336 1350
1336 1351
1336 1352
1336 1519
1336 1539
1336 1540
1336 1541
1336 1559
1337 1338
1337 1352
1337 1541
1338 1339
1338 1352
1338 1353
1338 1354
1338 1521
1338 1541
1338 1542
1338 1543
1338 1561
1339 1340
1339 1354
1339 1543
1340 1341
1340 1354
1340 1355
1340 1356
1340 1523
1340 1543
1340 1544
1340 1545
1340 1563
1341 1342
1341 1356
1341 1545
1342 1343
1342 1356
1342 1357
1342 1358
1342 1525
1342 1545
1342 1546
1342 1547
1342 1565
1343 1344
1343 1358
1343 1547
1344 1345
1344 1358
1344 1359
1344 1360
1344 1527
1344 1547
1344 1548
1344 1549
1344 1567
1345 1346
1345 1360
1345 1549
1346 1347
1346 1348
1346 1529
1346 1549
1346 1550
1346 1551
1347 1348
1348 1551
1349 1350
1350 1351
1350 1361
1350 1362
1350 1539
1350 1558
1350 1559
1350 1569
1351 1352
1351 1362
1351 1559
1352 1353
1352 1362
1352 1363
1352 1364
1352 1541
1352 1559
1352 1560
1352 1561
1352 1571
1353 1354
1353 1364
1353 1561
1354 1355
1354 1364
1354 1365
1354 1366
1354 1543
1354 1561
1354 1562
1354 1563
1354 1573
1355 1356
1355 1366
1355 1563
1356 1357
1356 1366
1356 1367
1356 1368
1356 1545
1356 1563
1356 1564
1356 1565
1356 1575
1357 1358
1357 1368
1357 1565
1358 1359
1358 1368
1358 1369
1358 1370
1358 1547
1358 1565
1358 1566
1358 1567
1358 1577
1359 1360
1359 1370
1359 1567
1360 1549
1360 1567
1360 1568
1361 1362
1361 1371
1361 1569
1362 1363
1362 1371
1362 1372
1362 1373
1362 1559
1362 1569
1362 1570
1362 1571
1362 1578
1363 1364
1363 1373
1363 1571
1364 1365
1364 1373
1364 1374
1364 1375
1364 1561
1364 1571
1364 1572
1364 1573
1364 1580
1365 1366
1365 1375
1365 1573
1366 1367
1366 1375
1366 1376
1366 1377
1366 1563
1366 1573
1366 1574
1366 1575
1366 1582
1367 1368
1367 1377
1367 1575
1368 1369
1368 1377
1368 1378
1368 1379
1368 1565
1368 1575
1368 1576
1368 1577
1368 1584
1369 1370
1369 1379
1369 1577
1371 1372
1372 1373
1372 1380
1372 1578
1373 1374
1373 1380
1373 1381
1373 1382
1373 1571
1373 1578
1373 1579
1373 1580
1374 1375
1374 1382
1374 1580
1375 1376
1375 1382
1375 1383
1375 1384
1375 1573
1375 1580
1375 1581
1375 1582
1376 1377
1376 1384
1376 1582
1377 1378
1377 1384
1377 1385
1377 1386
1377 1575
1377 1582
1377 1583
1377 1584
1378 1379
1378 1386
1378 1584
1380 1381
1381 1382
1382 1383
1383 1384
1384 1385
1385 1386
1387 1388
1387 1389
1388 1389
1388 1390
1388 1391
1388 1392
1389 1390
1389 1401
1389 1402
1389 1403
1389 1404
1389 1585
1389 1586
1389 1587
1390 1392
1390 1404
1390 1586
1391 1392
1391 1393
1392 1393
1392 1394
1392 1404
1392 1405
1392 1406
1392 1586
1392 1589
1392 1590
1392 1591
1393 1394
1393 1395
1393 1396
1394 1396
1394 1406
1394 1591
1395 1396
1395 1397
1396 1397
1396 1398
1396 1406
1396 1407
1396 1408
1396 1591
1396 1593
1396 1594
1396 1595
1397 1398
1397 1399
1397 1400
1398 1400
1398 1408
1398 1595
1399 1400
1400 1408
1400 1409
1400 1410
1400 1411
1400 1595
1400 1597
1400 1598
1400 1599
1401 1402
1402 1403
1402 1424
1402 1425
1402 1426
1402 1427
1402 1587
1402 1609
1402 1610
1403 1404
1403 1427
1403 1587
1404 1405
1404 1427
1404 1428
1404 1429
1404 1586
1404 1587
1404 1588
1404 1590
1404 1612
1405 1406
1405 1429
1405 1590
1406 1407
1406 1429
1406 1430
1406 1431
1406 1590
1406 1591
1406 1592
1406 1594
1406 1614
1407 1408
1407 1431
1407 1594
1408 1409
1408 1431
1408 1432
1408 1433
1408 1594
1408 1595
1408 1596
1408 1598
1408 1616
1409 1411
1409 1433
1409 1598
1410 1411
1410 1412
1410 1599
1411 1412
1411 1413
1411 1433
1411 1434
1411 1435
1411 1598
1411 1599
1411 1600
1411 1602
1411 1618
1412 1413
1412 1414
1412 1415
1412 1599
1412 1601
1412 1602
1412 1603
1413 1415
1413 1435
1413 1602
1414 1415
1414 1416
1414 1603
1415 1416
1415 1417
1415 1435
1415 1436
1415 1437
1415 1602
1415 1603
1415 1604
1415 1606
1415 1620
1416 1417
1416 1418
1416 1419
1416 1603
1416 1605
1416 1606
1416 1607
1417 1419
1417 1437
1417 1606
1418 1419
1418 1420
1418 1607
1419 1420
1419 1421
1419 1437
1419 1438
1419 1439
1419 1606
1419 1607
1419 1608
1419 1622
1419 1623
1420 1421
1420 1422
1420 1423
1421 1423
1421 1439
1421 1623
1422 1423
1423 1439
1423 1440
1424 1425
1425 1426
1425 1441
1425 1442
1425 1443
1425 1444
1425 1610
1425 1625
1425 1626
1426 1427
1426 1444
1426 1610
1427 1428
1427 1444
1427 1445
1427 1446
1427 1587
1427 1610
1427 1611
1427 1612
1427 1628
1428 1429
1428 1446
1428 1612
1429 1430
1429 1446
1429 1447
1429 1448
1429 1590
1429 1612
1429 1613
1429 1614
1429 1630
1430 1431
1430 1448
1430 1614
1431 1432
1431 1448
1431 1449
1431 1450
1431 1594
1431 1614
1431 1615
1431 1616
1431 1632
1432 1433
1432 1450
1432 1616
1433 1434
1433 1450
1433 1451
1433 1452
1433 1598
1433 1616
1433 1617
1433 1618
1433 1634
1434 1435
1434 1452
1434 1618
1435 1436
1435 1452
1435 1453
1435 1454
1435 1602
1435 1618
1435 1619
1435 1620
1435 1636
1436 1437
1436 1454
1436 1620
1437 1438
1437 1454
1437 1455
1437 1456
1437 1606
1437 1620
1437 1621
1437 1622
1437 1638
1438 1439
1438 1456
1438 1622
1439 1440
1439 1456
1439 1457
1439 1458
1439 1622
1439 1623
1439 1624
1439 1640
1440 1458
1441 1442
1442 1443
1442 1459
1442 1460
1442 1461
1442 1462
1442 1626
1442 1641
1442 1642
1443 1444
1443 1462
1443 1626
1444 1445
1444 1462
1444 1463
1444 1464
1444 1610
1444 1626
1444 1627
1444 1628
1444 1644
1445 1446
1445 1464
1445 1628
1446 1447
1446 1464
1446 1465
1446 1466
1446 1612
1446 1628
1446 1629
1446 1630
1446 1646
1447 1448
1447 1466
1447 1630
1448 1449
1448 1466
1448 1467
1448 1468
1448 1614
1448 1630
1448 1631
1448 1632
1448 1648
1449 1450
1449 1468
1449 1632
1450 1451
1450 1468
1450 1469
1450 1470
1450 1616
1450 1632
1450 1633
1450 1634
1450 1650
1451 1452
1451 1470
1451 1634
1452 1453
1452 1470
1452 1471
1452 1472
1452 1618
1452 1634
1452 1635
1452 1636
1452 1652
1453 1454
1453 1472
1453 1636
1454 1455
1454 1472
1454 1473
1454 1474
1454 1620
1454 1636
1454 1637
1454 1638
1454 1654
1455 1456
1455 1474
1455 1638
1456 1457
1456 1474
1456 1475
1456 1476
1456 1622
1456 1638
1456 1639
1456 1640
1456 1656
1457 1458
1457 1476
1457 1640
1458 1476
1458 1477
1459 1460
1460 1461
1460 1478
1460 1479
1461 1462
1461 1479
1461 1642
1462 1463
1462 1479
1462 1480
1462 1481
1462 1626
1462 1642
1462 1643
1462 1644
1462 1659
1463 1464
1463 1481
1463 1644
1464 1465
1464 1481
1464 1482
1464 1483
1464 1628
1464 1644
1464 1645
1464 1646
1464 1661
1465 1466
1465 1483
1465 1646
1466 1467
1466 1483
1466 1484
1466 1485
1466 1630
1466 1646
1466 1647
1466 1648
1466 1663
1467 1468
1467 1485
1467 1648
1468 1469
1468 1485
1468 1486
1468 1487
1468 1632
1468 1648
1468 1649
1468 1650
1468 1665
1469 1470
1469 1487
1469 1650
1470 1471
1470 1487
1470 1488
1470 1489
1470 1634
1470 1650
1470 1651
1470 1652
1470 1667
1471 1472
1471 1489
1471 1652
1472 1473
1472 1489
1472 1490
1472 1491
1472 1636
1472 1652
1472 1653
1472 1654
1472 1669
1473 1474
1473 1491
1473 1654
1474 1475
1474 1491
1474 1492
1474 1493
1474 1638
1474 1654
1474 1655
1474 1656
1474 1671
1475 1476
1475 1493
1475 1656
1476 1477
1476 1493
1476 1494
1476 1495
1476 1640
1476 1656
1476 1657
1476 1673
1477 1495
1477 1498
1478 1479
1478 1500
1479 1480
1479 1500
1479 1501
1479 1502
1479 1642
1479 1658
1479 1659
1479 1674
1480 1481
1480 1502
1480 1659
1481 1482
1481 1502
1481 1503
1481 1504
1481 1644
1481 1659
1481 1660
1481 1661
1481 1676
1482 1483
1482 1504
1482 1661
1483 1484
1483 1504
1483 1505
1483 1506
1483 1646
1483 1661
1483 1662
1483 1663
1483 1678
1484 1485
1484 1506
1484 1663
1485 1486
1485 1506
1485 1507
1485 1508
1485 1648
1485 1663
1485 1664
1485 1665
1485 1680
1486 1487
1486 1508
1486 1665
1487 1488
1487 1508
1487 1509
1487 1510
1487 1650
1487 1665
1487 1666
1487 1667
1487 1682
1488 1489
1488 1510
1488 1667
1489 1490
1489 1510
1489 1511
1489 1512
1489 1652
1489 1667
1489 1668
1489 1669
1489 1684
1490 1491
1490 1512
1490 1669
1491 1492
1491 1512
1491 1513
1491 1514
1491 1654
1491 1669
1491 1670
1491 1671
1491 1686
1492 1493
1492 1514
1492 1671
1493 1494
1493 1514
1493 1515
1493 1516
1493 1656
1493 1671
1493 1672
1493 1673
1493 1688
1494 1495
1494 1516
1494 1673
1495 1497
1495 1498
1495 1499
1495 1516
1495 1517
1495 1673
1495 1690
1495 1691
1496 1497
1496 1498
1497 1498
1497 1499
1498 1499
1500 1501
1500 1518
1500 1519
1501 1502
1501 1519
1501 1674
1502 1503
1502 1519
1502 1520
1502 1521
1502 1659
1502 1674
1502 1675
1502 1676
1502 1693
1503 1504
1503 1521
1503 1676
1504 1505
1504 1521
1504 1522
1504 1523
1504 1661
1504 1676
1504 1677
1504 1678
1504 1695
1505 1506
1505 1523
1505 1678
1506 1507
1506 1523
1506 1524
1506 1525
1506 1663
1506 1678
1506 1679
1506 1680
1506 1697
1507 1508
1507 1525
1507 1680
1508 1509
1508 1525
1508 1526
1508 1527
1508 1665
1508 1680
1508 1681
1508 1682
1508 1699
1509 1510
1509 1527
1509 1682
1510 1511
1510 1527
1510 1528
1510 1529
1510 1667
1510 1682
1510 1683
1510 1684
1510 1701
1511 1512
1511 1529
1511 1684
1512 1513
1512 1529
1512 1530
1512 1532
1512 1669
1512 1684
1512 1685
1512 1686
1512 1703
1513 1514
1513 1532
1513 1686
1514 1515
1514 1532
1514 1533
1514 1534
1514 1671
1514 1686
1514 1687
1514 1688
1514 1705
1515 1516
1515 1534
1515 1688
1516 1517
1516 1534
1516 1535
1516 1536
1516 1538
1516 1673
1516 1688
1516 1689
1516 1691
1516 1707
1517 1538
1517 1691
1518 1519
1518 1539
1519 1520
1519 1539
1519 1540
1519 1541
1519 1674
1519 1692
1519 1693
1519 1709
1520 1521
1520 1541
1520 1693
1521 1522
1521 1541
1521 1542
1521 1543
1521 1676
1521 1693
1521 1694
1521 1695
1521 1711
1522 1523
1522 1543
1522 1695
1523 1524
1523 1543
1523 1544
1523 1545
1523 1678
1523 1695
1523 1696
1523 1697
1523 1713
1524 1525
1524 1545
1524 1697
1525 1526
1525 1545
1525 1546
1525 1547
1525 1680
1525 1697
1525 1698
1525 1699
1525 1715
1526 1527
1526 1547
1526 1699
1527 1528
1527 1547
1527 1548
1527 1549
1527 1682
1527 1699
1527 1700
1527 1701
1527 1717
1528 1529
1528 1549
1528 1701
1529 1530
1529 1549
1529 1550
1529 1551
1529 1684
1529 1701
1529 1702
1529 1703
1529 1719
1530 1532
1530 1551
1530 1703
1531 1532
1532 1533
1532 1686
1532 1703
1532 1704
1532 1705
1533 1534
1533 1554
1533 1705
1534 1535
1534 1536
1534 1553
1534 1554
1534 1555
1534 1557
1534 1688
1534 1705
1534 1706
1534 1707
1534 1721
1535 1536
1535 1537
1535 1538
1535 1553
1535 1556
1535 1557
1536 1538
1536 1557
1536 1707
1537 1538
1538 1691
1538 1707
1538 1708
1539 1540
1539 1558
1539 1559
1540 1541
1540 1559
1540 1709
1541 1542
1541 1559
1541 1560
1541 1561
1541 1693
1541 1709
1541 1710
1541 1711
1541 1724
1542 1543
1542 1561
1542 1711
1543 1544
1543 1561
1543 1562
1543 1563
1543 1695
1543 1711
1543 1712
1543 1713
1543 1726
1544 1545
1544 1563
1544 1713
1545 1546
1545 1563
1545 1564
1545 1565
1545 1697
1545 1713
1545 1714
1545 1715
1545 1728
1546 1547
1546 1565
1546 1715
1547 1548
1547 1565
1547 1566
1547 1567
1547 1699
1547 1715
1547 1716
1547 1717
1547 1730
1548 1549
1548 1567
1548 1717
1549 1550
1549 1567
1549 1568
1549 1701
1549 1717
1549 1718
1549 1719
1550 1551
1550 1719
1552 1553
1552 1554
1553 1554
1553 1555
1553 1556
1553 1557
1554 1555
1554 1705
1554 1720
1554 1721
1555 1557
1555 1721
1556 1557
1557 1707
1557 1721
1557 1722
1558 1559
1558 1569
1559 1560
1559 1569
1559 1570
1559 1571
1559 1709
1559 1723
1559 1724
1560 1561
1560 1571
1560 1724
1561 1562
1561 1571
1561 1572
1561 1573
1561 1711
1561 1724
1561 1725
1561 1726
1561 1732
1562 1563
1562 1573
1562 1726
1563 1564
1563 1573
1563 1574
1563 1575
1563 1713
1563 1726
1563 1727
1563 1728
1563 1734
1564 1565
1564 1575
1564 1728
1565 1566
1565 1575
1565 1576
1565 1577
1565 1715
1565 1728
1565 1729
1565 1730
1566 1567
1566 1577
1566 1730
1567 1568
1567 1717
1567 1730
1567 1731
1569 1570
1570 1571
1570 1578
1571 1572
1571 1578
1571 1579
1571 1580
1572 1573
1572 1580
1572 1732
1573 1574
1573 1580
1573 1581
1573 1582
1573 1726
1573 1732
1573 1733
1573 1734
1574 1575
1574 1582
1574 1734
1575 1576
1575 1582
1575 1583
1575 1584
1575 1728
1575 1734
1575 1735
1576 1577
1576 1584
1578 1579
1579 1580
1580 1581
1581 1582
1582 1583
1583 1584
1585 1586
1585 1587
1586 1587
1586 1588
1586 1589
1586 1590
1587 1588
1587 1609
1587 1610
1587 1611
1587 1612
1588 1590
1588 1612
1588 1744
1589 1590
1589 1591
1590 1591
1590 1592
1590 1612
1590 1613
1590 1614
1590 1744
1590 1745
1590 1747
1590 1748
1591 1592
1591 1593
1591 1594
1592 1594
1592 1614
1592 1748
1593 1594
1593 1595
1594 1595
1594 1596
1594 1614
1594 1615
1594 1616
1594 1748
1594 1750
1594 1751
1594 1752
1595 1596
1595 1597
1595 1598
1596 1598
1596 1616
1596 1752
1597 1598
1597 1599
1597 1736
1598 1599
1598 1600
1598 1616
1598 1617
1598 1618
1598 1736
1598 1738
1598 1739
1598 1752
1598 1754
1599 1600
1599 1601
1599 1602
1599 1736
1599 1737
1599 1739
1599 1740
1600 1602
1600 1618
1600 1739
1601 1602
1601 1603
1601 1740
1602 1603
1602 1604
1602 1618
1602 1619
1602 1620
1602 1739
1602 1740
1602 1741
1602 1743
1602 1756
1603 1604
1603 1605
1603 1606
1603 1740
1603 1742
1603 1743
1604 1606
1604 1620
1604 1743
1605 1606
1605 1607
1606 1607
1606 1608
1606 1620
1606 1621
1606 1622
1607 1608
1608 1622
1608 1623
1609 1610
1610 1611
1610 1625
1610 1626
1610 1627
1610 1628
1611 1612
1611 1628
1611 1758
1612 1613
1612 1628
1612 1629
1612 1630
1612 1744
1612 1746
1612 1747
1612 1758
1612 1760
1613 1614
1613 1630
1613 1747
1614 1615
1614 1630
1614 1631
1614 1632
1614 1747
1614 1748
1614 1749
1614 1751
1614 1762
1615 1616
1615 1632
1615 1751
1616 1617
1616 1632
1616 1633
1616 1634
1616 1751
1616 1752
1616 1753
1616 1754
1616 1764
1617 1618
1617 1634
1617 1754
1618 1619
1618 1634
1618 1635
1618 1636
1618 1739
1618 1754
1618 1755
1618 1756
1618 1766
1619 1620
1619 1636
1619 1756
1620 1621
1620 1636
1620 1637
1620 1638
1620 1743
1620 1756
1620 1757
1620 1768
1620 1769
1621 1622
1621 1638
1621 1769
1622 1623
1622 1624
1622 1638
1622 1639
1622 1640
1623 1624
1624 1640
1625 1626
1626 1627
1626 1641
1626 1642
1626 1643
1626 1644
1627 1628
1627 1644
1627 1771
1628 1629
1628 1644
1628 1645
1628 1646
1628 1758
1628 1759
1628 1760
1628 1771
1628 1773
1629 1630
1629 1646
1629 1760
1630 1631
1630 1646
1630 1647
1630 1648
1630 1747
1630 1760
1630 1761
1630 1762
1630 1775
1631 1632
1631 1648
1631 1762
1632 1633
1632 1648
1632 1649
1632 1650
1632 1751
1632 1762
1632 1763
1632 1764
1632 1777
1633 1634
1633 1650
1633 1764
1634 1635
1634 1650
1634 1651
1634 1652
1634 1754
1634 1764
1634 1765
1634 1766
1634 1779
1635 1636
1635 1652
1635 1766
1636 1637
1636 1652
1636 1653
1636 1654
1636 1756
1636 1766
1636 1767
1636 1768
1636 1781
1637 1638
1637 1654
1637 1768
1638 1639
1638 1654
1638 1655
1638 1656
1638 1768
1638 1769
1638 1770
1638 1783
1639 1640
1639 1656
1640 1656
1640 1657
1641 1642
1642 1643
1642 1658
1642 1659
1643 1644
1643 1659
1644 1645
1644 1659
1644 1660
1644 1661
1644 1771
1644 1772
1644 1773
1644 1784
1645 1646
1645 1661
1645 1773
1646 1647
1646 1661
1646 1662
1646 1663
1646 1760
1646 1773
1646 1774
1646 1775
1646 1786
1647 1648
1647 1663
1647 1775
1648 1649
1648 1663
1648 1664
1648 1665
1648 1762
1648 1775
1648 1776
1648 1777
1648 1788
1649 1650
1649 1665
1649 1777
1650 1651
1650 1665
1650 1666
1650 1667
1650 1764
1650 1777
1650 1778
1650 1779
1650 1790
1651 1652
1651 1667
1651 1779
1652 1653
1652 1667
1652 1668
1652 1669
1652 1766
1652 1779
1652 1780
1652 1781
1652 1792
1653 1654
1653 1669
1653 1781
1654 1655
1654 1669
1654 1670
1654 1671
1654 1768
1654 1781
1654 1782
1654 1783
1654 1794
1655 1656
1655 1671
1655 1783
1656 1657
1656 1671
1656 1672
1656 1673
1657 1673
1658 1659
1658 1674
1659 1660
1659 1674
1659 1675
1659 1676
1660 1661
1660 1676
1660 1784
1661 1662
1661 1676
1661 1677
1661 1678
1661 1773
1661 1784
1661 1785
1661 1786
1661 1797
1662 1663
1662 1678
1662 1786
1663 1664
1663 1678
1663 1679
1663 1680
1663 1775
1663 1786
1663 1787
1663 1788
1663 1799
1664 1665
1664 1680
1664 1788
1665 1666
1665 1680
1665 1681
1665 1682
1665 1777
1665 1788
1665 1789
1665 1790
1665 1801
1666 1667
1666 1682
1666 1790
1667 1668
1667 1682
1667 1683
1667 1684
1667 1779
1667 1790
1667 1791
1667 1792
1667 1803
1668 1669
1668 1684
1668 1792
1669 1670
1669 1684
1669 1685
1669 1686
1669 1781
1669 1792
1669 1793
1669 1794
1669 1805
1670 1671
1670 1686
1670 1794
1671 1672
1671 1686
1671 1687
1671 1688
1671 1783
1671 1794
1671 1795
1671 1807
1672 1673
1672 1688
1673 1688
1673 1689
1673 1690
1673 1691
1674 1675
1674 1692
1674 1693
1675 1676
1675 1693
1676 1677
1676 1693
1676 1694
1676 1695
1676 1784
1676 1796
1676 1797
1676 1808
1677 1678
1677 1695
1677 1797
1678 1679
1678 1695
1678 1696
1678 1697
1678 1786
1678 1797
1678 1798
1678 1799
1678 1810
1679 1680
1679 1697
1679 1799
1680 1681
1680 1697
1680 1698
1680 1699
1680 1788
1680 1799
1680 1800
1680 1801
1680 1812
1681 1682
1681 1699
1681 1801
1682 1683
1682 1699
1682 1700
1682 1701
1682 1790
1682 1801
1682 1802
1682 1803
1682 1814
1683 1684
1683 1701
1683 1803
1684 1685
1684 1701
1684 1702
1684 1703
1684 1792
1684 1803
1684 1804
1684 1805
1684 1816
1685 1686
1685 1703
1685 1805
1686 1687
1686 1703
1686 1704
1686 1705
1686 1794
1686 1805
1686 1806
1686 1807
1687 1688
1687 1705
1687 1807
1688 1689
1688 1705
1688 1706
1688 1707
1689 1691
1689 1707
1690 1691
1691 1707
1691 1708
1692 1693
1692 1709
1693 1694
1693 1709
1693 1710
1693 1711
1694 1695
1694 1711
1694 1808
1695 1696
1695 1711
1695 1712
1695 1713
1695 1797
1695 1808
1695 1809
1695 1810
1695 1819
1696 1697
1696 1713
1696 1810
1697 1698
1697 1713
1697 1714
1697 1715
1697 1799
1697 1810
1697 1811
1697 1812
1697 1821
1698 1699
1698 1715
1698 1812
1699 1700
1699 1715
1699 1716
1699 1717
1699 1801
1699 1812
1699 1813
1699 1814
1699 1823
1700 1701
1700 1717
1700 1814
1701 1702
1701 1717
1701 1718
1701 1719
1701 1803
1701 1814
1701 1815
1701 1816
1702 1703
1702 1719
1702 1816
1703 1704
1703 1805
1703 1816
1703 1817
1704 1705
1705 1706
1705 1720
1705 1721
1706 1707
1706 1721
1707 1708
1707 1721
1707 1722
1709 1710
1709 1723
1709 1724
1710 1711
1710 1724
1711 1712
1711 1724
1711 1725
1711 1726
1711 1808
1711 1818
1711 1819
1712 1713
1712 1726
1712 1819
1713 1714
1713 1726
1713 1727
1713 1728
1713 1810
1713 1819
1713 1820
1713 1821
1714 1715
1714 1728
1714 1821
1715 1716
1715 1728
1715 1729
1715 1730
1715 1812
1715 1821
1715 1822
1715 1823
1716 1717
1716 1730
1716 1823
1717 1718
1717 1730
1717 1731
1717 1814
1717 1823
1717 1824
1718 1719
1720 1721
1721 1722
1723 1724
1724 1725
1725 1726
1725 1732
1726 1727
1726 1732
1726 1733
1726 1734
1727 1728
1727 1734
1728 1729
1728 1734
1728 1735
1729 1730
1730 1731
1732 1733
1733 1734
1734 1735
1736 1737
1736 1738
1736 1739
1737 1739
1737 1740
1738 1739
1738 1752
1738 1754
1739 1740
1739 1741
1739 1754
1739 1755
1739 1756
1740 1741
1740 1742
1740 1743
1741 1743
1741 1756
1742 1743
1743 1756
1743 1757
1744 1745
1744 1746
1744 1747
1745 1747
1745 1748
1746 1747
1746 1758
1746 1760
1747 1748
1747 1749
1747 1760
1747 1761
1747 1762
1748 1749
1748 1750
1748 1751
1749 1751
1749 1762
1750 1751
1750 1752
1751 1752
1751 1753
1751 1762
1751 1763
1751 1764
1752 1753
1752 1754
1753 1754
1753 1764
1754 1755
1754 1764
1754 1765
1754 1766
1755 1756
1755 1766
1756 1757
1756 1766
1756 1767
1756 1768
1757 1768
1757 1769
1758 1759
1758 1760
1759 1760
1759 1771
1759 1773
1760 1761
1760 1773
1760 1774
1760 1775
1761 1762
1761 1775
1762 1763
1762 1775
1762 1776
1762 1777
1762 1825
1762 1826
1762 1827
1763 1764
1763 1777
1763 1826
1764 1765
1764 1777
1764 1778
1764 1779
1764 1826
1764 1829
1764 1830
1764 1831
1765 1766
1765 1779
1765 1831
1766 1767
1766 1779
1766 1780
1766 1781
1767 1768
1767 1781
1768 1769
1768 1770
1768 1781
1768 1782
1768 1783
1769 1770
1770 1783
1771 1772
1771 1773
1772 1773
1772 1784
1773 1774
1773 1784
1773 1785
1773 1786
1774 1775
1774 1786
1775 1776
1775 1786
1775 1787
1775 1788
1776 1777
1776 1788
1776 1827
1777 1778
1777 1788
1777 1789
1777 1790
1777 1826
1777 1827
1777 1828
1777 1830
1777 1834
1778 1779
1778 1790
1778 1830
1779 1780
1779 1790
1779 1791
1779 1792
1779 1830
1779 1831
1779 1832
1779 1836
1779 1837
1780 1781
1780 1792
1780 1837
1781 1782
1781 1792
1781 1793
1781 1794
1782 1783
1782 1794
1783 1794
1783 1795
1784 1785
1784 1796
1784 1797
1785 1786
1785 1797
1786 1787
1786 1797
1786 1798
1786 1799
1787 1788
1787 1799
1788 1789
1788 1799
1788 1800
1788 1801
1788 1827
1788 1833
1788 1834
1788 1839
1789 1790
1789 1801
1789 1834
1790 1791
1790 1801
1790 1802
1790 1803
1790 1830
1790 1834
1790 1835
1790 1836
1790 1841
1791 1792
1791 1803
1791 1836
1792 1793
1792 1803
1792 1804
1792 1805
1792 1836
1792 1837
1792 1838
1792 1843
1793 1794
1793 1805
1794 1795
1794 1805
1794 1806
1794 1807
1795 1807
1796 1797
1796 1808
1797 1798
1797 1808
1797 1809
1797 1810
1798 1799
1798 1810
1799 1800
1799 1810
1799 1811
1799 1812
1800 1801
1800 1812
1800 1839
1801 1802
1801 1812
1801 1813
1801 1814
1801 1834
1801 1839
1801 1840
1801 1841
1802 1803
1802 1814
1802 1841
1803 1804
1803 1814
1803 1815
1803 1816
1803 1836
1803 1841
1803 1842
1803 1843
1804 1805
1804 1816
1804 1843
1805 1806
1805 1816
1805 1817
1806 1807
1808 1809
1808 1818
1808 1819
1809 1810
1809 1819
1810 1811
1810 1819
1810 1820
1810 1821
1811 1812
1811 1821
1812 1813
1812 1821
1812 1822
1812 1823
1813 1814
1813 1823
1814 1815
1814 1823
1814 1824
1815 1816
1816 1817
1818 1819
1819 1820
1820 1821
1821 1822
1822 1823
1823 1824
1825 1826
1825 1827
1826 1827
1826 1828
1826 1829
1826 1830
1827 1828
1827 1833
1827 1834
1828 1830
1828 1834
1829 1830
1829 1831
1830 1831
1830 1832
1830 1834
1830 1835
1830 1836
1831 1832
1832 1836
1832 1837
1833 1834
1833 1839
1834 1835
1834 1839
1834 1840
1834 1841
1835 1836
1835 1841
1836 1837
1836 1838
1836 1841
1836 1842
1836 1843
1837 1838
1838 1843
1839 1840
1840 1841
1841 1842
1842 1843

SURFACE_TRIANGLES
941 942 949
26 37 36
149 154 207
1119 1131 1132
246 350 256
1081 1292 1316
1536 1707 1538
0 2 1
0 1 4
12 18 13
195 272 196
8 9 10
762 950 951
46 52 47
189 261 263
1093 1108 1347
609 770 784
25 26 27
1808 1819 1818
0 4 2
289 291 290
1792 1804 1843
405 537 525
763 951 764
231 237 316
603 606 607
3 13 9
135 201 194
1 2 3
1388 1392 1390
93 100 94
34 73 70
318 431 422
1 5 4
366 375 374
1626 1642 1641
575 739 576
2 4 6
13 18 19
1596 1598 1752
111 171 168
1 9 8
1 8 10
1 3 9
1610 1626 1625
1 10 5
456 459 460
16 22 17
185 257 265
9 11 10
43 89 95
988 1011 990
9 13 16
393 395 394
73 74 76
184 246 256
301 416 311
1752 1754 1753
25 29 28
95 150 155
119 173 175
2 13 3
609 784 785
48 95 53
2 12 13
58 60 59
83 145 150
2 14 12
28 68 77
484 634 485
682 697 866
175 244 243
600 772 769
59 61 63
2 6 14
1830 1832 1836
108 165 166
822 1029 832
855 1047 1066
9 16 17
316 318 317
1794 1795 1807
9 17 11
12 14 18
1601 1603 1740
18 21 19
219 301 310
715 902 901
81 142 143
1586 1588 1587
14 20 18
263 372 373
18 20 21
1709 1710 1724
71 73 75
120 182 129
21 59 23
405 552 537
13 22 16
52 99 93
684 887 701
333 335 337
20 53 21
122 125 127
74 80 76
798 815 817
1671 1688 1687
13 19 22
462 464 603
263 364 355
1726 1733 1732
19 21 22
134 143 135
80 87 88
100 106 164
17 22 23
4 37 38
1812 1822 1821
483 484 485
958 1160 1157
21 23 22
115 170 171
71 122 117
24 26 25
1711 1808 1818
422 431 432
24 25 28
873 889 887
252 253 254
24 28 26
914 927 928
80 88 81
26 28 30
37 82 83
867 1043 1041
600 603 604
25 33 32
25 32 34
574 746 737
32 33 34
155 220 160
118 182 120
25 27 33
25 34 29
33 35 34
28 77 30
126 135 128
347 357 481
112 114 113
239 326 240
1702 1816 1703
180 254 250
1812 1823 1822
4 26 36
4 36 37
572 582 746
4 5 26
384 515 396
1244 1266 1267
26 30 37
1141 1379 1142
334 448 335
104 111 168
10 27 26
6 43 14
5 10 26
1398 1400 1595
110 113 115
218 292 301
334 441 442
189 271 261
184 244 246
87 93 88
565 724 725
818 1025 1027
1686 1805 1806
108 166 109
320 433 326
10 33 27
358 474 483
1538 1707 1708
930 1143 940
10 41 33
309 423 413
253 255 254
1317 1335 1334
88 94 154
646 660 843
33 41 42
416 566 425
220 310 227
348 457 472
33 42 35
215 226 308
1594 1596 1752
422 573 424
53 101 108
760 941 948
57 104 105
1540 1709 1559
456 610 609
4 43 6
4 38 43
37 83 38
843 867 1041
1754 1755 1766
164 231 224
541 695 697
492 504 505
189 262 253
355 357 356
446 593 595
28 29 65
600 774 772
10 46 41
93 99 100
176 180 248
41 46 42
59 63 62
10 11 46
1703 1816 1817
173 174 175
53 60 54
42 46 47
271 277 290
447 449 448
168 172 242
900 1107 902
724 927 726
14 43 48
415 564 551
66 130 68
1377 1385 1384
1260 1286 1262
1317 1539 1335
56 63 57
11 17 46
207 214 215
480 492 493
494 495 496
17 51 46
46 51 52
460 462 597
471 481 482
1425 1442 1441
757 759 758
1047 1269 1292
104 163 164
551 564 565
446 595 588
1145 1146 1152
76 134 126
202 278 279
526 527 541
739 929 930
14 53 20
1260 1284 1286
1809 1810 1819
14 48 53
396 528 543
163 168 164
21 53 54
1286 1308 1310
245 248 349
715 900 902
17 56 51
1586 1589 1590
345 356 347
51 56 52
17 23 56
762 951 763
702 887 888
1835 1836 1841
779 966 964
1361 1569 1362
116 117 119
244 350 246
52 56 57
83 138 145
170 240 241
21 58 59
21 60 58
168 171 172
61 110 63
21 54 60
265 366 266
1308 1309 1332
320 425 434
346 347 468
1803 1841 1842
446 588 581
59 60 61
23 59 56
749 947 937
56 59 62
589 756 746
541 696 695
1013 1031 1029
56 62 63
100 164 159
1130 1370 1132
528 699 543
794 815 798
28 65 64
1425 1426 1610
355 492 357
337 444 446
64 65 66
28 64 66
65 67 66
422 424 423
28 66 68
108 160 165
1701 1816 1702
34 70 65
65 70 71
480 482 481
29 34 65
593 594 595
65 71 67
337 451 452
77 136 82
94 100 154
76 80 81
1062 1065 1064
947 1150 1141
455 456 609
543 703 716
165 238 166
70 73 71
34 74 73
885 902 886
798 819 802
460 597 601
300 404 393
130 137 136
1334 1350 1349
232 319 320
424 573 563
73 76 75
175 184 177
117 122 119
658 660 659
803 804 983
63 111 104
466 607 606
136 137 138
607 608 617
1710 1711 1724
110 115 171
34 80 74
154 225 214
175 243 184
34 35 80
83 150 89
622 633 815
237 330 331
30 77 37
1751 1752 1753
927 938 939
1599 1740 1737
1346 1551 1348
184 243 244
135 143 144
180 250 248
37 77 82
619 622 621
52 105 99
1656 1672 1671
492 505 493
35 42 80
394 514 505
135 144 201
1799 1812 1811
941 1144 1145
42 87 80
1549 1717 1718
38 83 43
988 1008 1010
357 480 481
291 300 393
43 83 89
1736 1737 1739
168 242 235
928 939 1130
201 290 277
255 263 355
1753 1754 1764
42 93 87
889 1109 905
981 1185 1183
42 47 93
88 93 94
918 1133 929
43 95 48
254 339 338
126 134 135
485 495 494
326 433 434
160 227 232
762 949 950
1193 1199 1195
47 52 93
1639 1640 1656
126 128 127
1183 1410 1400
142 144 143
53 95 101
566 716 729
1012 1202 1222
182 183 185
170 242 172
99 105 100
52 57 105
803 983 981
226 307 308
100 105 106
104 106 105
53 107 60
552 555 554
53 108 107
60 107 108
1081 1316 1334
60 108 109
340 462 459
195 266 272
150 218 216
1739 1741 1756
57 63 104
1788 1827 1833
63 110 111
555 715 714
749 938 927
60 113 61
237 325 316
104 168 163
61 113 110
60 112 113
60 114 112
60 109 114
551 725 553
474 624 634
1792 1838 1837
1329 1532 1531
113 114 115
71 117 116
114 170 115
67 71 116
168 235 237
104 164 106
831 843 1023
67 116 120
930 1133 1134
116 119 118
116 118 120
542 555 696
71 75 122
872 1094 1079
540 554 555
119 122 123
214 225 215
591 761 762
441 584 442
257 359 265
122 126 125
1414 1416 1603
125 126 127
237 242 330
1358 1566 1567
75 126 122
182 184 183
122 127 123
1264 1290 1266
66 67 120
988 990 994
366 494 375
66 120 129
183 184 256
127 180 179
169 240 170
66 129 130
566 729 739
1064 1260 1236
515 661 671
1377 1386 1385
227 310 232
232 321 326
446 452 593
232 320 321
75 76 126
1700 1814 1701
82 138 83
1830 1836 1835
1621 1638 1769
332 334 333
645 659 646
100 159 154
68 136 77
68 130 136
82 136 138
395 405 525
1047 1292 1066
114 166 169
1223 1224 1442
373 394 504
109 166 114
180 253 252
473 623 474
1532 1705 1533
941 1145 942
76 143 134
76 81 143
929 1133 930
1396 1398 1595
430 581 432
1554 1705 1720
150 209 218
793 798 797
127 179 174
1389 1390 1586
413 424 564
81 88 142
581 588 589
88 149 142
242 331 330
127 181 180
1587 1612 1611
772 774 958
88 154 149
89 150 95
1476 1477 1495
326 435 441
950 1152 951
318 422 423
1031 1246 1268
155 217 220
767 768 770
1587 1610 1609
1565 1728 1729
110 171 111
1751 1763 1762
95 160 101
457 611 623
95 155 160
254 255 356
123 127 174
1416 1605 1603
235 242 237
1187 1416 1414
174 176 175
310 320 319
540 555 542
101 160 108
1548 1717 1549
138 202 145
127 189 181
335 448 337
526 658 657
290 373 372
114 169 170
231 316 317
256 350 358
170 172 171
119 174 173
119 123 174
474 484 483
119 175 177
174 179 180
174 180 176
1193 1194 1198
118 184 182
415 551 552
129 182 185
715 916 917
118 119 184
905 1109 918
793 794 798
119 177 184
127 128 189
129 185 130
201 289 288
617 621 781
947 1149 1150
1311 1333 1535
130 185 190
331 446 439
750 941 751
128 135 189
135 194 189
130 195 137
300 414 404
137 195 138
450 591 452
1762 1825 1827
195 264 265
168 237 236
130 190 195
1416 1607 1605
138 195 196
1362 1578 1372
1565 1576 1575
1402 1403 1587
219 310 220
337 446 445
785 995 805
1573 1582 1581
289 300 291
1749 1751 1762
740 930 750
138 196 202
180 181 253
1739 1740 1741
1134 1135 1143
647 832 833
632 646 633
746 756 758
572 574 573
1358 1370 1369
142 207 144
144 207 201
1796 1797 1808
1064 1065 1260
142 149 207
1419 1421 1623
576 740 750
1358 1577 1566
751 941 760
201 207 208
643 657 659
145 202 150
1315 1537 1538
150 202 209
902 1107 1108
610 767 770
1458 1477 1476
804 819 820
341 344 346
756 765 757
464 466 603
154 214 207
207 215 208
150 216 217
216 218 217
150 217 155
737 746 748
344 345 347
349 352 459
217 218 219
622 632 633
928 1130 1131
217 219 220
1007 1028 1236
1571 1572 1580
793 797 799
326 440 334
806 995 996
154 159 225
159 224 225
215 225 226
224 226 225
160 220 227
1291 1495 1497
1148 1384 1149
189 263 262
1784 1797 1796
1315 1538 1517
393 404 405
1065 1306 1308
159 164 224
160 232 165
764 951 952
240 334 332
164 168 236
164 236 237
164 237 231
185 265 264
1786 1799 1798
165 232 238
1198 1221 1200
166 238 169
1656 1657 1673
169 238 240
646 831 814
265 365 366
725 726 728
958 960 1162
232 239 238
238 239 240
1311 1331 1333
224 317 226
170 241 242
175 245 244
543 700 702
462 603 598
660 682 843
175 176 248
175 248 245
634 821 822
1418 1420 1419
248 250 342
180 252 254
603 607 604
250 338 342
183 256 185
889 905 904
1110 1350 1122
1223 1442 1459
1760 1774 1773
185 256 257
347 356 357
984 1008 988
394 395 525
1626 1644 1643
181 189 253
1045 1062 1046
240 332 333
253 262 263
253 263 255
185 264 195
373 383 394
185 195 190
316 325 431
195 265 266
1747 1748 1749
1164 1166 1393
1701 1815 1816
288 289 290
1362 1570 1578
1264 1288 1290
1727 1728 1734
189 194 271
1262 1286 1264
1715 1716 1730
1628 1759 1771
555 713 715
584 751 760
1310 1311 1312
1762 1826 1825
1171 1399 1397
194 201 271
1439 1440 1458
201 277 271
196 278 202
196 272 278
278 281 279
1701 1702 1719
272 280 278
278 280 281
310 311 320
299 308 300
457 609 611
804 1008 984
201 288 290
201 208 289
449 590 591
525 527 526
202 279 218
218 279 281
202 218 209
218 281 292
1332 1532 1533
1442 1443 1626
917 1119 1120
466 608 607
1166 1395 1393
208 215 289
977 1183 1172
215 299 289
289 299 300
767 769 768
218 301 219
292 396 301
242 329 331
1377 1584 1378
1060 1079 1080
444 452 446
1557 1721 1722
406 543 416
263 271 372
964 966 1166
1200 1221 1423
215 308 299
951 1153 1154
300 308 309
333 334 335
307 309 308
1027 1045 1046
301 311 310
1244 1264 1266
263 373 364
226 317 307
224 231 317
307 317 318
1242 1264 1244
232 310 319
1535 1556 1557
594 596 595
872 886 1094
232 326 239
240 326 327
470 619 617
946 1149 947
589 595 596
1760 1761 1775
237 331 325
240 333 241
240 327 334
241 333 242
242 333 336
242 336 337
333 337 336
242 337 329
338 339 341
250 254 338
338 341 340
338 340 342
405 414 415
254 344 339
339 344 341
524 525 526
601 767 610
254 345 344
1149 1384 1385
344 347 346
244 245 349
244 349 348
633 646 814
244 348 350
1149 1386 1150
248 352 349
1375 1383 1382
248 342 352
1570 1571 1578
983 984 988
290 383 373
254 356 345
255 355 356
256 359 257
256 358 359
394 525 524
1107 1345 1346
448 450 452
553 725 555
341 346 466
1765 1766 1779
1756 1757 1768
598 603 600
265 359 365
1174 1203 1202
281 376 384
779 964 962
261 271 263
266 374 272
266 366 374
272 374 280
280 374 376
873 1081 889
748 758 749
374 375 376
555 728 713
454 459 456
1535 1553 1556
739 918 929
394 526 514
342 459 352
329 337 331
1478 1479 1500
1826 1829 1830
818 820 819
1565 1729 1730
699 702 700
1264 1286 1288
540 542 541
927 939 928
271 290 372
1594 1595 1596
1564 1565 1575
280 376 281
493 505 643
471 620 619
761 949 762
290 393 392
290 392 394
457 623 473
392 393 394
290 291 393
1396 1593 1591
290 394 383
281 396 292
281 384 396
757 766 953
470 471 619
1715 1823 1716
413 423 424
474 634 484
393 405 395
1397 1399 1400
783 977 967
1442 1642 1461
301 396 406
724 726 725
797 798 801
452 594 593
646 659 660
404 414 405
300 309 414
309 413 414
1692 1693 1709
413 415 414
301 406 416
347 481 469
1240 1262 1264
1593 1595 1594
1799 1811 1810
1810 1821 1820
307 423 309
307 318 423
311 416 320
320 416 425
1191 1420 1418
432 572 573
316 431 318
1611 1758 1628
325 430 431
1442 1461 1460
430 432 431
320 326 321
1419 1623 1608
320 434 433
785 968 969
326 434 435
1759 1773 1771
441 583 584
325 331 430
331 439 430
326 334 327
326 441 440
954 955 1157
900 917 1107
334 440 441
1145 1152 1151
623 806 624
1174 1425 1203
1571 1580 1579
515 671 684
331 337 445
331 445 446
334 447 448
334 449 447
1713 1821 1714
334 442 449
434 575 576
448 449 450
563 573 574
337 448 451
1012 1223 1013
448 452 451
337 452 444
349 454 453
453 454 456
348 349 453
1396 1595 1593
348 453 457
453 456 455
1533 1705 1554
453 455 457
1594 1752 1750
1716 1717 1730
349 459 454
635 822 647
793 799 795
485 634 635
482 643 632
340 459 342
459 462 460
340 341 462
814 1023 816
1539 1540 1559
341 464 462
341 466 464
346 468 466
347 469 468
468 469 471
466 468 470
468 471 470
348 472 350
1306 1307 1308
350 472 358
358 472 474
1744 1747 1746
457 473 472
472 473 474
1736 1739 1738
394 505 504
424 563 564
817 818 819
469 481 471
358 483 359
359 483 365
365 483 485
1788 1839 1800
769 772 958
485 647 495
1162 1391 1388
946 953 1149
357 492 480
563 565 564
355 364 492
955 958 1157
365 494 366
365 485 494
1290 1314 1315
375 494 496
1373 1374 1382
588 595 589
983 987 989
1030 1268 1047
724 738 927
729 918 739
364 373 492
373 504 492
375 496 376
581 589 582
376 496 506
1595 1597 1598
989 991 993
1312 1315 1314
1420 1423 1421
376 515 384
1412 1414 1603
376 506 515
1689 1691 1707
995 1202 996
1797 1810 1809
1828 1830 1834
621 783 781
1673 1690 1691
394 524 526
661 844 855
769 955 954
867 869 871
396 515 528
1377 1582 1583
814 831 1023
416 556 566
525 540 539
525 539 541
539 540 541
525 537 540
525 541 527
396 543 406
1198 1218 1220
1391 1393 1392
801 802 804
757 946 947
452 591 592
456 601 610
405 415 552
583 750 584
1495 1690 1673
551 553 552
537 552 540
540 552 554
526 682 670
552 553 555
1686 1687 1705
781 783 782
416 543 556
1772 1773 1784
1439 1458 1457
820 1007 1008
1122 1134 1133
1685 1686 1703
684 855 873
413 564 415
1656 1673 1672
648 833 661
422 432 573
425 566 434
434 576 435
434 566 575
1240 1260 1262
432 581 572
815 818 817
430 439 581
726 927 914
1146 1382 1147
572 581 582
435 576 441
1027 1043 1045
441 576 583
820 1027 1007
1712 1819 1713
439 446 581
833 1029 1030
442 584 449
449 591 450
449 584 590
1008 1011 1010
1080 1329 1305
452 592 594
1187 1189 1416
462 598 597
1713 1727 1726
597 598 600
1172 1183 1400
597 600 599
597 599 601
996 1202 1012
466 606 603
600 604 774
455 609 457
456 460 601
589 596 765
1174 1175 1402
466 470 617
466 617 608
619 620 622
617 619 621
716 904 905
474 623 624
798 817 819
471 632 620
620 632 622
471 482 632
1529 1703 1530
1762 1776 1775
915 1131 1119
1552 1554 1553
1500 1519 1518
596 764 765
1062 1063 1065
480 643 482
480 493 643
632 643 645
632 645 646
495 647 496
1773 1786 1785
485 635 647
496 647 648
1043 1060 1045
634 806 821
1199 1423 1422
505 657 643
1045 1060 1062
1768 1769 1770
643 659 645
657 658 659
885 901 902
496 661 506
496 648 661
1622 1639 1638
1373 1381 1380
1191 1195 1420
702 904 903
1603 1604 1743
1023 1043 1025
770 968 784
818 1027 820
505 526 657
1761 1762 1775
505 514 526
526 670 658
506 661 515
1740 1743 1741
1220 1244 1221
806 996 1012
832 1029 833
778 781 779
942 1145 949
526 541 681
526 681 682
1716 1823 1717
541 682 681
541 683 682
515 684 528
1599 1601 1740
1439 1624 1623
1559 1571 1570
1476 1673 1657
1158 1389 1401
1768 1783 1782
1397 1400 1398
555 727 728
695 696 697
541 542 696
541 697 683
1535 1536 1538
696 698 697
528 684 699
607 778 779
543 699 700
684 701 699
1599 1737 1736
699 701 702
543 702 703
1638 1783 1770
1519 1692 1709
1561 1732 1572
555 714 696
696 714 715
696 715 698
543 716 556
1292 1293 1317
584 750 751
555 725 727
715 728 916
869 870 872
966 977 1170
551 565 725
1604 1606 1620
725 728 727
556 716 566
799 981 979
917 1120 1107
565 737 724
1135 1371 1372
867 871 1043
1373 1578 1579
1598 1738 1752
843 854 867
1147 1154 1153
988 1010 1011
563 737 565
563 574 737
1476 1495 1494
724 737 738
566 739 575
576 739 740
1713 1819 1820
1141 1378 1379
962 1166 1164
572 746 574
1764 1765 1831
1564 1575 1728
1834 1841 1840
737 748 749
1571 1579 1578
737 749 738
576 750 583
1221 1440 1423
582 589 746
746 758 748
1658 1659 1674
756 757 758
749 758 759
584 760 590
590 760 591
833 1030 1047
591 760 761
591 762 592
1374 1580 1375
1081 1334 1096
592 762 594
594 762 763
1060 1080 1061
594 764 596
886 1093 1094
594 763 764
589 765 756
757 765 766
764 766 765
599 767 601
599 769 767
599 600 769
1693 1694 1711
799 801 803
604 607 774
607 776 774
607 617 778
1149 1385 1386
607 779 776
617 781 778
1535 1557 1536
779 781 782
1747 1749 1762
609 610 770
609 785 611
1671 1795 1783
697 698 885
1812 1813 1823
621 622 793
621 793 783
622 794 793
783 793 795
1145 1382 1146
797 801 799
798 802 801
801 804 803
611 785 623
833 1047 844
623 785 805
623 805 806
1638 1639 1656
726 914 728
682 866 867
1826 1828 1827
622 815 794
633 814 815
814 816 815
1766 1780 1779
1764 1831 1829
815 816 818
802 819 804
624 806 634
634 822 635
1612 1746 1758
1715 1729 1728
1393 1396 1394
647 833 648
647 822 832
1402 1426 1425
661 855 671
1290 1315 1291
1553 1554 1555
646 843 831
1701 1719 1718
661 833 844
1713 1714 1728
1162 1393 1391
821 1012 822
658 682 660
658 670 682
682 854 843
682 683 697
682 867 854
697 869 866
981 1187 1185
866 869 867
697 870 869
1566 1730 1567
869 872 871
671 855 684
1767 1768 1781
1603 1605 1606
783 967 966
1746 1760 1758
697 885 870
870 885 872
1147 1382 1383
872 885 886
701 887 702
1359 1567 1360
684 873 887
887 889 888
1267 1291 1497
954 1158 956
1764 1829 1826
1620 1757 1743
1107 1120 1360
1627 1628 1771
698 715 885
715 901 885
702 716 703
702 903 716
716 903 904
702 888 904
888 889 904
939 1141 1142
1199 1422 1420
739 930 740
1157 1389 1159
799 803 981
728 914 915
713 728 715
728 917 916
715 917 900
728 915 917
1715 1730 1729
716 918 729
716 905 918
768 954 770
1519 1540 1539
795 799 977
1305 1329 1307
738 749 927
749 939 938
774 960 958
749 937 939
750 930 940
1029 1031 1030
750 940 941
749 759 947
757 947 759
760 949 761
760 948 949
941 949 948
1122 1350 1361
764 953 766
757 953 946
1334 1335 1350
764 952 953
1362 1372 1371
768 769 954
770 954 956
769 958 955
774 776 962
1307 1531 1332
1517 1538 1691
774 962 960
776 779 962
779 782 966
782 783 966
784 968 785
1400 1410 1599
770 956 968
1804 1805 1816
783 795 977
799 979 977
804 984 983
981 983 985
1738 1754 1752
1329 1530 1532
987 988 991
983 988 987
983 989 985
987 991 989
988 992 991
991 992 994
988 994 992
991 994 993
805 995 806
785 969 995
1144 1380 1145
1479 1658 1674
804 820 1008
1007 1009 1008
1008 1009 1011
806 1012 821
822 1012 1013
1171 1400 1399
949 1145 1151
1701 1718 1717
1060 1063 1062
816 1023 818
818 1023 1025
1007 1027 1028
1350 1569 1361
822 1013 1029
1792 1805 1804
1738 1739 1754
843 1041 1023
1394 1396 1591
1023 1041 1043
1025 1043 1027
1027 1046 1028
1147 1384 1148
886 902 1093
1315 1535 1537
871 1060 1043
1060 1065 1063
1046 1062 1064
1559 1723 1724
1060 1061 1065
844 1047 855
1402 1587 1609
1168 1171 1397
1307 1329 1531
1166 1168 1397
871 872 1060
872 1079 1060
855 1081 873
855 1066 1081
1202 1425 1441
1620 1769 1757
1758 1760 1759
1079 1094 1080
1080 1094 1095
1093 1095 1094
889 1081 1096
1539 1559 1558
1573 1581 1580
1191 1418 1416
930 1134 1143
902 1108 1093
889 1096 1109
1706 1707 1721
915 1119 917
1109 1110 1122
918 1109 1121
1109 1122 1121
1193 1197 1199
914 1131 915
914 928 1131
1130 1132 1131
918 1121 1133
1121 1122 1133
1554 1721 1555
1673 1691 1689
937 1141 939
939 1142 1130
940 1143 941
941 1143 1144
1135 1144 1143
1421 1439 1623
937 947 1141
949 1152 950
1728 1735 1734
949 1151 1152
1146 1147 1152
951 1152 1153
1147 1153 1152
951 1154 952
1147 1148 1154
952 1154 953
1148 1149 1154
953 1155 1149
1771 1773 1772
953 1154 1155
1149 1155 1154
1760 1775 1774
954 1157 1156
954 1156 1158
1156 1157 1158
1368 1379 1378
1157 1159 1158
1457 1458 1476
1202 1442 1224
958 1162 1160
960 962 1162
1836 1837 1838
962 1164 1162
962 964 1166
1740 1742 1743
1202 1224 1223
966 1168 1166
966 1170 1171
977 1171 1170
966 967 977
966 1171 1168
977 1172 1171
1031 1223 1246
956 1158 968
968 1174 969
968 1158 1173
968 1173 1174
1158 1174 1173
1158 1175 1174
1780 1781 1792
993 994 1193
1836 1838 1843
977 979 1183
1801 1802 1814
979 981 1183
981 985 1187
1572 1732 1573
1238 1260 1240
985 989 1187
989 1189 1187
989 993 1191
989 1191 1189
1345 1549 1346
993 1193 1191
994 1194 1193
1191 1193 1195
1193 1198 1197
1197 1198 1199
1198 1200 1199
969 1174 995
995 1174 1201
995 1201 1202
1174 1202 1201
1714 1821 1715
990 1011 994
994 1011 1216
994 1218 1194
994 1216 1218
1194 1218 1198
1198 1220 1221
1012 1222 1223
1202 1223 1222
1199 1200 1423
1575 1584 1583
1310 1331 1311
1418 1419 1607
1007 1236 1009
1009 1236 1011
1011 1236 1238
1011 1240 1216
1011 1238 1240
1711 1725 1724
1216 1240 1218
1218 1240 1242
1218 1244 1220
1218 1242 1244
1221 1244 1245
1013 1223 1031
1745 1748 1747
1267 1496 1498
1801 1840 1841
1536 1557 1707
1028 1046 1236
1046 1064 1236
1236 1260 1238
1240 1264 1242
1244 1267 1245
1030 1031 1268
1185 1187 1412
1246 1270 1268
1047 1268 1269
1268 1270 1269
1375 1580 1581
1119 1359 1360
1389 1585 1587
1762 1827 1776
1561 1572 1571
1065 1284 1260
1813 1814 1823
1266 1290 1267
1267 1290 1291
1166 1397 1395
1269 1270 1292
1608 1623 1622
1270 1293 1292
1202 1441 1442
1739 1755 1754
1093 1347 1095
1061 1080 1065
1065 1080 1306
1080 1307 1306
1080 1305 1307
1065 1308 1284
1307 1309 1308
1284 1308 1286
1412 1603 1601
1286 1312 1288
1286 1310 1312
1311 1313 1312
1288 1312 1290
1290 1312 1314
1312 1313 1315
1066 1292 1081
1421 1423 1439
1292 1317 1316
1775 1788 1787
1685 1703 1805
1080 1095 1329
1308 1331 1310
1308 1330 1331
1308 1332 1330
1330 1332 1331
1331 1332 1333
1316 1317 1334
1573 1733 1734
1122 1361 1371
1107 1346 1108
1095 1347 1329
1108 1346 1347
1329 1347 1348
1346 1348 1347
1096 1334 1109
1109 1350 1110
1109 1334 1349
1109 1349 1350
1160 1162 1388
1477 1498 1495
1374 1375 1382
1119 1360 1120
1836 1843 1842
1107 1360 1345
1119 1132 1370
1119 1370 1359
1358 1359 1370
1130 1369 1370
1122 1371 1134
1134 1371 1135
1361 1362 1371
1130 1142 1379
1130 1379 1369
1442 1460 1459
1368 1369 1379
1726 1734 1733
1135 1380 1144
1135 1372 1380
1372 1373 1380
1145 1380 1381
1145 1381 1382
1373 1382 1381
1375 1376 1384
1147 1383 1384
1375 1384 1383
1376 1377 1384
1141 1150 1386
1141 1386 1378
1377 1378 1386
1157 1160 1388
1157 1388 1387
1157 1387 1389
1332 1533 1554
1387 1388 1389
1388 1390 1389
1388 1391 1392
1162 1164 1393
1392 1393 1394
1393 1395 1396
1395 1397 1396
1396 1397 1398
1171 1172 1400
1788 1800 1799
1158 1159 1389
1557 1722 1707
1587 1588 1612
1810 1820 1819
1158 1402 1175
1158 1401 1402
1389 1402 1401
1389 1403 1402
1610 1628 1627
1183 1185 1412
1183 1412 1410
1187 1414 1412
1189 1191 1416
1798 1799 1810
1419 1420 1421
1195 1199 1420
1686 1705 1704
1420 1422 1423
1174 1402 1424
1174 1424 1425
1402 1425 1424
1830 1835 1834
1495 1517 1691
1400 1597 1595
1291 1315 1495
1802 1803 1814
1423 1440 1439
1202 1203 1425
1425 1443 1442
1412 1601 1599
1688 1707 1706
1715 1822 1823
1221 1245 1458
1221 1458 1440
1223 1460 1246
1223 1459 1460
1476 1657 1640
1638 1770 1769
1245 1267 1458
1267 1477 1458
1246 1460 1270
1460 1461 1479
1270 1460 1478
1460 1479 1478
1317 1518 1539
1705 1721 1720
1644 1772 1784
1783 1795 1794
1590 1748 1745
1779 1832 1831
1751 1764 1763
1519 1674 1692
1267 1497 1496
1496 1497 1498
1800 1801 1812
1267 1498 1477
1497 1499 1498
1495 1499 1497
1495 1498 1499
1270 1500 1293
1270 1478 1500
1479 1501 1500
1713 1728 1727
1558 1559 1569
1693 1711 1710
1315 1517 1495
1293 1500 1317
1500 1501 1519
1605 1607 1606
1317 1500 1518
1307 1332 1309
1332 1531 1532
1311 1535 1313
1313 1535 1315
1535 1538 1537
1518 1519 1539
1585 1586 1587
1346 1549 1550
1329 1348 1551
1329 1551 1530
1529 1530 1551
1346 1550 1551
1529 1551 1550
1332 1553 1333
1332 1552 1553
1332 1554 1552
1333 1553 1535
1553 1557 1556
1553 1555 1557
1335 1539 1350
1763 1764 1826
1350 1539 1558
1768 1770 1783
1358 1567 1359
1834 1835 1841
1345 1360 1549
1548 1549 1567
1360 1568 1549
1360 1567 1568
1549 1568 1567
1350 1558 1569
1362 1569 1570
1559 1570 1569
1559 1560 1571
1560 1561 1571
1358 1369 1577
1368 1577 1369
1565 1566 1577
1368 1576 1577
1565 1577 1576
1372 1578 1373
1773 1785 1784
1373 1580 1374
1373 1579 1580
1572 1573 1580
1375 1582 1376
1573 1574 1582
1375 1581 1582
1376 1582 1377
1574 1575 1582
1575 1583 1582
1368 1378 1584
1368 1584 1576
1575 1576 1584
1377 1583 1584
1389 1587 1403
1389 1586 1585
1390 1392 1586
1392 1589 1586
1586 1590 1588
1392 1394 1591
1392 1591 1589
1589 1591 1590
1590 1591 1592
1591 1593 1594
1591 1594 1592
1595 1598 1596
1400 1599 1597
1410 1412 1599
1603 1606 1604
1416 1418 1607
1419 1608 1607
1606 1607 1608
1402 1610 1426
1402 1609 1610
1587 1611 1610
1439 1457 1640
1606 1621 1620
1780 1792 1837
1606 1608 1622
1606 1622 1621
1622 1623 1624
1425 1626 1443
1709 1724 1723
1425 1610 1625
1425 1625 1626
1610 1627 1626
1610 1611 1628
1802 1841 1803
1655 1671 1783
1621 1622 1638
1439 1640 1624
1622 1624 1640
1622 1640 1639
1442 1626 1641
1442 1641 1642
1655 1656 1671
1626 1643 1642
1626 1627 1644
1674 1675 1693
1611 1612 1758
1694 1808 1711
1832 1837 1836
1638 1656 1655
1457 1476 1640
1640 1657 1656
1461 1642 1479
1642 1643 1659
1479 1642 1658
1642 1659 1658
1643 1644 1659
1644 1660 1659
1529 1702 1703
1476 1494 1673
1479 1674 1501
1659 1675 1674
1659 1660 1676
1659 1676 1675
1671 1672 1688
1672 1673 1688
1673 1689 1688
1494 1495 1673
1495 1691 1690
1501 1674 1519
1748 1751 1749
1674 1693 1692
1675 1676 1693
1676 1694 1693
1671 1687 1807
1530 1703 1532
1532 1703 1704
1686 1704 1703
1532 1704 1705
1687 1688 1705
1688 1706 1705
1688 1689 1707
1538 1708 1691
1691 1708 1707
1519 1709 1540
1693 1710 1709
1700 1701 1717
1529 1550 1719
1549 1719 1550
1529 1719 1702
1549 1718 1719
1705 1706 1721
1554 1720 1721
1555 1721 1557
1707 1722 1721
1559 1724 1560
1559 1709 1723
1560 1724 1561
1561 1724 1725
1711 1712 1726
1711 1726 1725
1712 1713 1726
1564 1728 1565
1785 1786 1797
1714 1715 1728
1565 1730 1566
1548 1567 1717
1567 1731 1717
1567 1730 1731
1717 1731 1730
1561 1725 1732
1725 1726 1732
1573 1732 1733
1573 1734 1574
1726 1727 1734
1574 1734 1575
1575 1735 1728
1575 1734 1735
1597 1599 1736
1597 1736 1598
1598 1736 1738
1737 1740 1739
1603 1742 1740
1603 1743 1742
1588 1590 1744
1588 1744 1612
1590 1745 1744
1744 1745 1747
1612 1744 1746
1590 1592 1748
1592 1594 1748
1594 1750 1748
1748 1750 1751
1717 1823 1824
1750 1752 1751
1803 1843 1804
1739 1756 1755
1604 1620 1743
1741 1743 1756
1743 1757 1756
1628 1758 1759
1746 1747 1760
1747 1761 1760
1747 1762 1761
1751 1753 1764
1754 1765 1764
1754 1766 1765
1755 1756 1766
1756 1767 1766
1756 1768 1767
1620 1621 1769
1757 1769 1768
1627 1771 1644
1644 1771 1772
1759 1760 1773
1766 1767 1781
1766 1781 1780
1768 1782 1781
1638 1655 1783
1644 1784 1660
1773 1774 1786
1774 1775 1786
1671 1807 1795
1775 1787 1786
1775 1776 1788
1781 1793 1792
1781 1782 1794
1781 1794 1793
1782 1783 1794
1660 1784 1676
1784 1785 1797
1676 1784 1796
1786 1798 1797
1786 1787 1799
1787 1788 1799
1792 1793 1805
1685 1805 1686
1793 1794 1805
1794 1806 1805
1686 1807 1687
1686 1806 1807
1794 1807 1806
1676 1808 1694
1676 1796 1808
1797 1809 1808
1797 1798 1810
1799 1800 1812
1801 1813 1812
1801 1814 1813
1701 1814 1815
1803 1815 1814
1803 1804 1816
1803 1816 1815
1703 1817 1805
1805 1817 1816
1711 1819 1712
1808 1809 1819
1711 1818 1819
1810 1811 1821
1713 1820 1821
1811 1812 1821
1715 1821 1822
1700 1717 1814
1717 1824 1814
1814 1824 1823
1762 1763 1826
1825 1826 1827
1826 1830 1828
1765 1779 1831
1829 1831 1830
1830 1831 1832
1776 1827 1788
1827 1828 1834
1827 1834 1833
1779 1780 1837
1779 1837 1832
1800 1839 1801
1788 1833 1839
1833 1834 1839
1801 1839 1840
1834 1840 1839
1801 1841 1802
1836 1842 1841
1792 1843 1838
1803 1842 1843
